city,state
Sydney,New South Wales
Melbourne,Victoria
Brisbane,Queensland
Perth,Western Australia
Adelaide,South Australia
Gold Coast,Queensland
Cranbourne,Victoria
Canberra,Australian Capital Territory
Newcastle,New South Wales
Wollongong,New South Wales
Geelong,Victoria
Hobart,Tasmania
Townsville,Queensland
Ipswich,Queensland
Cairns,Queensland
Toowoomba,Queensland
Darwin,Northern Territory
Ballarat,Victoria
Bendigo,Victoria
Launceston,Tasmania
Mackay,Queensland
Rockhampton,Queensland
Maitland,New South Wales
Bunbury,Western Australia
Coffs Harbour,New South Wales
Bundaberg,Queensland
Wagga Wagga,New South Wales
Hervey Bay,Queensland
Shepparton,Victoria
Albury,New South Wales
Port Macquarie,New South Wales
Pakenham,Victoria
Tamworth,New South Wales
Caloundra,Queensland
Orange,New South Wales
Dubbo,New South Wales
Geraldton,Western Australia
Nowra,New South Wales
Bathurst,New South Wales
Queanbeyan,New South Wales
Frankston,Victoria
Sunbury,Victoria
Warrnambool,Victoria
Wodonga,Victoria
Albany,Western Australia
Gladstone,Queensland
Mildura,Victoria
Southport,Queensland
Alice Springs,Northern Territory
Dandenong,Victoria
Kalgoorlie,Western Australia
Mount Gambier,South Australia
Lismore,New South Wales
Maryborough,Queensland
Quakers Hill,New South Wales
Gawler,South Australia
Caboolture,Queensland
Ballina,New South Wales
Taree,New South Wales
Traralgon,Victoria
Busselton,Western Australia
Armidale,New South Wales
Goulburn,New South Wales
Devonport,Tasmania
Bacchus Marsh,Victoria
Whyalla,South Australia
Cessnock,New South Wales
Gympie,Queensland
Griffith,New South Wales
Kwinana,Western Australia
Burnie,Tasmania
Wangaratta,Victoria
Grafton,New South Wales
Yeppoon,Queensland
Murray Bridge,South Australia
Mount Isa,Queensland
Narangba,Queensland
Mount Eliza,Victoria
Broken Hill,New South Wales
Nerang,Queensland
Karratha,Western Australia
Mount Barker,South Australia
Horsham,Victoria
Lara,Victoria
Singleton,New South Wales
Port Lincoln,South Australia
Banora Point,New South Wales
Warwick,Queensland
Rochedale,Queensland
Kempsey,New South Wales
Ulladulla,New South Wales
Sale,Victoria
Echuca,Victoria
Australind,Western Australia
Broome,Western Australia
Port Hedland,Western Australia
Warragul,Victoria
Port Pirie,South Australia
Barwon Heads,Victoria
Emerald,Queensland
Ulverstone,Tasmania
Morwell,Victoria
Gisborne,Victoria
Port Augusta,South Australia
Forster,New South Wales
Penrith,New South Wales
Torquay,Victoria
Jimboomba,Queensland
Lithgow,New South Wales
Bowral,New South Wales
Goonellabah,New South Wales
Raymond Terrace,New South Wales
Leopold,Victoria
Dalby,Queensland
Campbelltown,New South Wales
Colac,Victoria
Muswellbrook,New South Wales
Esperance,Western Australia
Drouin,Victoria
Rutherford,New South Wales
Nelson Bay,New South Wales
Inverell,New South Wales
Parkes,New South Wales
Somerville,Victoria
Gracemere,Queensland
Batemans Bay,New South Wales
Nambour,Queensland
Swan Hill,Victoria
Mareeba,Queensland
Corinda,Queensland
Samford,Queensland
Mudgee,New South Wales
Casino,New South Wales
Portland,Victoria
Kingston,Tasmania
Kingaroy,Queensland
Kangaroo Flat,Victoria
Bowen,Queensland
Young,New South Wales
Cowra,New South Wales
Hamilton,Victoria
Gunnedah,New South Wales
Mount Evelyn,Victoria
Andergrove,Queensland
Moree,New South Wales
Benalla,Victoria
Currumbin,Queensland
Wollert,Victoria
Mittagong,New South Wales
Kelso,New South Wales
Yanchep,Western Australia
Bentley,Western Australia
Moe,Victoria
Ayr,Queensland
Moranbah,Queensland
Leeton,New South Wales
Moss Vale,New South Wales
Wallan,Victoria
Springwood,New South Wales
Lesmurdie,Western Australia
Forbes,New South Wales
Emu Plains,New South Wales
Rye,Victoria
Darley,Victoria
Ararat,Victoria
Tweed Heads,New South Wales
Highfields,Queensland
Charters Towers,Queensland
Melton,Victoria
Katoomba,New South Wales
Kilmore,Victoria
Mooroopna,Victoria
Yarrawonga,Victoria
Maryborough,Victoria
Deniliquin,New South Wales
Mandurah,Western Australia
Bli Bli,Queensland
Kiama,New South Wales
Narre Warren North,Victoria
Narrabri,New South Wales
Bairnsdale,Victoria
Clifton Springs,Victoria
North Tamborine,Queensland
Bargara,Queensland
Kingscliff,New South Wales
Healesville,Victoria
Fremantle,Western Australia
Blaxland,New South Wales
Atherton,Queensland
Kyabram,Victoria
Innisfail,Queensland
Sanctuary Point,New South Wales
Collie,Western Australia
Gatton,Queensland
Merrimac,New South Wales
Murwillumbah,New South Wales
Urraween,Queensland
Kyneton,Victoria
Bongaree,Queensland
Roma,Queensland
Mount Cotton,Queensland
Cootamundra,New South Wales
Beerwah,Queensland
Castlemaine,Victoria
Pottsville,New South Wales
Cooma,New South Wales
Gordonvale,Queensland
Lysterfield,Victoria
Bomaderry,New South Wales
Chinchilla,Queensland
Northam,Western Australia
Yass,New South Wales
Strathalbyn,South Australia
Burpengary,Queensland
Waterford,Queensland
Lennox Head,New South Wales
Beaudesert,Queensland
Margaret River,Western Australia
Helensburgh,New South Wales
Goondiwindi,Queensland
Seymour,Victoria
Nambucca Heads,New South Wales
Nuriootpa,South Australia
Wauchope,New South Wales
Tumut,New South Wales
Tuncurry,New South Wales
Glen Innes,New South Wales
Yamba,New South Wales
Wentworth Falls,New South Wales
South Grafton,New South Wales
Kurri Kurri,New South Wales
Stawell,Victoria
Cobram,Victoria
Wynyard,Tasmania
Naracoorte,South Australia
North Mackay,Queensland
Cannington,Western Australia
Woodend,Victoria
Dromana,Victoria
Emerald,Victoria
Biloela,Queensland
Alstonville,New South Wales
Cannonvale,Queensland
Point Vernon,Queensland
Palmwoods,Queensland
Scone,New South Wales
Whittlesea,Victoria
East Ballina,New South Wales
Sarina,Queensland
Byron Bay,New South Wales
Corowa,New South Wales
Richmond,New South Wales
Cooranbong,New South Wales
Bullsbrook,Western Australia
Inverloch,Victoria
New Norfolk,Tasmania
Stanthorpe,Queensland
Wingham,New South Wales
Irymple,Victoria
Dunsborough,Western Australia
Kununurra,Western Australia
Smithfield Heights,Queensland
Woolgoolga,New South Wales
Bannockburn,Victoria
Maffra,Victoria
Tannum Sands,Queensland
Ocean Shores,New South Wales
Howard Springs,Northern Territory
Leongatha,Victoria
Worragee,New South Wales
Tahmoor,New South Wales
Red Cliffs,Victoria
Glenbrook,New South Wales
McMinns Lagoon,Northern Territory
Kiama Downs,New South Wales
Hazelbrook,New South Wales
Wonthaggi,Victoria
Junee,New South Wales
Pinjarra,Western Australia
Encounter Bay,South Australia
Nairne,South Australia
Cowes,Victoria
Boulder,Western Australia
Picton,New South Wales
Salamander Bay,New South Wales
Lakes Entrance,Victoria
Mansfield,Victoria
Churchill,Victoria
Bucasia,Queensland
Boyne Island,Queensland
Blackwater,Queensland
Millicent,South Australia
Oakey,Queensland
Temora,New South Wales
Narromine,New South Wales
Ningi,Queensland
Bega,New South Wales
Mount Low,Queensland
Leura,New South Wales
Renmark,South Australia
South West Rocks,New South Wales
Tanunda,South Australia
Kadina,South Australia
Newman,Western Australia
Glenella,Queensland
Roxby Downs,South Australia
Numurkah,Victoria
Korumburra,Victoria
Rasmussen,Queensland
Tatura,Victoria
Carnarvon,Western Australia
Romsey,Victoria
Blackheath,New South Wales
Bargo,New South Wales
Old Bar,New South Wales
Narrandera,New South Wales
Ingham,Queensland
Manjimup,Western Australia
George Town,Tasmania
Wyong,New South Wales
Broadford,Victoria
Drysdale,Victoria
Narrogin,Western Australia
Cockatoo,Victoria
Victor Harbor,South Australia
Moama,New South Wales
Bungendore,New South Wales
Latrobe,Tasmania
Beachmere,Queensland
Berri,South Australia
Wellington,New South Wales
Tenterfield,New South Wales
Thirlmere,New South Wales
Legana,Tasmania
Faulconbridge,New South Wales
The Entrance,New South Wales
Cobar,New South Wales
Wallaroo,South Australia
Moruya,New South Wales
Gerringong,New South Wales
Sandstone Point,Queensland
Tambourine,Queensland
Margate,Tasmania
Trafalgar,Victoria
Somerset,Tasmania
Marian,Queensland
Weipa,Queensland
Kerang,Victoria
Westbrook,Queensland
Smithton,Tasmania
Longford,Tasmania
Karana Downs,Queensland
Beechworth,Victoria
Penguin,Tasmania
Anna Bay,New South Wales
Loxton,South Australia
Pearcedale,Victoria
Landsborough,Queensland
Laidley,Queensland
Wonga Park,Victoria
Peregian Beach,Queensland
Cooroy,Queensland
Bellingen,New South Wales
Riddell,Victoria
Suffolk Park,New South Wales
Buninyong,Victoria
Weston,New South Wales
Katanning,Western Australia
Bellbrae,Victoria
Sawtell,New South Wales
Silverdale,New South Wales
Tallebudgera,Queensland
Bay View,New South Wales
Portarlington,Victoria
Nanango,Queensland
Logan Village,Queensland
Koo-Wee-Rup,Victoria
Glass House Mountains,Queensland
Sussex Inlet,New South Wales
Proserpine,Queensland
Merimbula,New South Wales
Scarness,Queensland
Port Douglas,Queensland
Gosford,New South Wales
Bridgewater,South Australia
Lake Cathie,New South Wales
Condobolin,New South Wales
Paynesville,Victoria
Woodford,Queensland
Maddingley,Victoria
Hurstbridge,Victoria
Quirindi,New South Wales
Maleny,Queensland
Calliope,Queensland
North Beach,Western Australia
Walkerston,Queensland
Blayney,New South Wales
Camperdown,Victoria
Aldgate,South Australia
Port Fairy,Victoria
Tyabb,Victoria
Lowood,Queensland
Charleville,Queensland
Derby,Western Australia
Mooloolah,Queensland
Pittsworth,Queensland
Vincentia,New South Wales
Coonabarabran,New South Wales
Euroa,Victoria
Oberon,New South Wales
Woombye,Queensland
Nhulunbuy,Northern Territory
Camden,New South Wales
Murrumbateman,New South Wales
Fernvale,Queensland
East Hills,New South Wales
Bohle Plains,Queensland
Junortoun,Victoria
Myrtleford,Victoria
Crib Point,Victoria
Marcoola,Queensland
Mullumbimby,New South Wales
Creswick,Victoria
Clare,South Australia
Tura Beach,New South Wales
Eden,New South Wales
West Wyalong,New South Wales
Gilgandra,New South Wales
Rochester,Victoria
McLaren Vale,South Australia
Miners Rest,Victoria
Robinvale,Victoria
Wilton,New South Wales
Riverview,Queensland
Bogangar,New South Wales
Shoalhaven Heads,New South Wales
Saint George,Queensland
Little Hampton,South Australia
Clermont,Queensland
Home Hill,Queensland
Central Coast,New South Wales
Kuranda,Queensland
Wilberforce,New South Wales
Tom Price,Western Australia
Urunga,New South Wales
Dysart,Queensland
Two Rocks,Western Australia
Ballan,Victoria
Gloucester,New South Wales
Bonny Hills,New South Wales
Longreach,Queensland
Stirling,South Australia
Perth,Tasmania
Bordertown,South Australia
Lewiston,South Australia
Waroona,Western Australia
Leschenault,Western Australia
Terranora,New South Wales
Kapunda,South Australia
Woori Yallock,Victoria
Saint Georges Basin,New South Wales
Pomona,Queensland
Sorell,Tasmania
Tea Gardens,New South Wales
Culburra,New South Wales
Yarra Glen,Victoria
Beaconsfield Upper,Victoria
Morisset,New South Wales
Cohuna,Victoria
Merredin,Western Australia
Deloraine,Tasmania
Evans Head,New South Wales
Rosewood,Queensland
Greta,New South Wales
Wollongbar,New South Wales
Donnybrook,Western Australia
McCrae,Victoria
Angle Vale,South Australia
Bridgetown,Western Australia
North Wonthaggi,Victoria
Heathcote,Victoria
Howlong,New South Wales
Williamstown,South Australia
Harvey,Western Australia
Coonamble,New South Wales
Uralla,New South Wales
Bundanoon,New South Wales
Cloncurry,Queensland
Tolga,Queensland
Huonville,Tasmania
Merbein,Victoria
Alexandra,Victoria
Waikerie,South Australia
Point Lonsdale,Victoria
Hill Top,New South Wales
Stirling North,South Australia
Hahndorf,South Australia
Berry,New South Wales
Burnett Heads,Queensland
Moore Park,Queensland
Burradoo,New South Wales
Mannum,South Australia
Wooroloo,Western Australia
Crookwell,New South Wales
Appin,New South Wales
Cooloola Cove,Queensland
Cooktown,Queensland
Jindabyne,New South Wales
Maclean,New South Wales
Stratford,Victoria
Lawson,New South Wales
Thursday Island,Queensland
Woodside,South Australia
Narooma,New South Wales
Macksville,New South Wales
Molong,New South Wales
Grenfell,New South Wales
Yarrabah Aboriginal Community,Queensland
Denmark,Western Australia
Bonville,New South Wales
Walcha,New South Wales
Manilla,New South Wales
Yarra Junction,Victoria
Daylesford,Victoria
York,Western Australia
Anglesea,Victoria
Kambalda,Western Australia
Lobethal,South Australia
The Oaks,New South Wales
Gulgong,New South Wales
Finley,New South Wales
Capel,Western Australia
Korora,New South Wales
Exmouth,Western Australia
Boonah,Queensland
Saint Leonards,Victoria
Vasse,Western Australia
Aberdare,New South Wales
Bunyip,Victoria
Dodges Ferry,Tasmania
Lancefield,Victoria
Palm Island,Queensland
Currie,Tasmania
