United-states,['Weston', 'Albuquerque', 'Omaha', 'Pepperell', 'King Of Prussia', 'Harrisburg', 'Berkeley', 'Bailey', 'Santee', 'Buffalo', 'Daly City', 'Houston', 'Columbus', 'Hilo', 'Lenexa', 'Abilene', 'Wasilla', 'Raleigh', 'Washington', 'Lynchburg', 'Springfield', 'Seattle', 'Sunnyvale', 'Topeka', 'Norfolk', 'Boise', 'Raleigh', 'Frederick', 'Port Neches', 'Seattle', 'Green Bay', 'Twain Harte', 'Murphysboro', 'Mililani', 'Topsham', 'Overland Park', 'Oak Cliff', 'Grand Rapids', 'Grand Haven', 'Issaquah', 'Huntsville', 'Brooklyn', 'Mooresville', 'Springfield', 'North Mankato', 'Seattle', 'Chapel Hill', 'Lafayette', 'Newberg', 'Colorado Springs', 'Auburn', 'New Orleans', 'Nashua', 'Green Bay', 'Clementon', 'New York City', 'Los Angeles', 'Beaverton', 'White Plains', 'Phoenix', 'Berkeley', 'Springfield', 'Chicago', 'Orleans', 'Lincoln', 'Fair Oaks', 'Raleigh', 'Texas City', 'Austin', 'Aventura', 'Aloha', 'Minneapolis', 'Standish', 'Jacksonville', 'Sierra Vista', 'Phoenix', 'Newport Coast', 'Lafargeville', 'Charleston', 'Aurora', 'Lewiston', 'Conneautville', 'Baldwin', 'Fremont', 'Citronelle', 'Hillsboro', 'Burlington', 'Yuma', 'Newark', 'Oak Leaf', 'Prince George', 'Bay Minette', 'East Greenwich', 'Wallingford', 'Arlington', 'Brooklyn', 'Albuquerque', 'Wayzata', 'Corvallis', 'Scottdale', 'Woodstock', 'Denver', 'Parkersburg', 'Las Vegas', 'Douglasville', 'Tallahassee', 'Newark', 'Omaha', 'Fountain Valley', 'Tulsa', 'Valrico', 'Douglas', 'San Diego', 'New York', 'Bloomington', 'Mcminnville', 'North Salem', 'State College', 'North Apollo', 'Chicago', 'Long Branch', 'Beaverton', 'Seattle', 'Fairbanks', 'Chicago', 'Boise', 'Chicago', 'Pierre Part', 'Champaign', 'New Haven', 'Fort Wayne', 'Lynnwood', 'Honolulu', 'Walla Walla', 'Frederick', 'Zionsville', 'San Diego', 'Mahwah', 'Valley Center', 'Raleigh', 'Cupertino', 'Pittsburg', 'North Haven', 'Buffalo', 'Raleigh', 'Boston', 'Encinitas', 'Albuquerque', 'Austin', 'Joplin', 'Pine Bluff', 'Franklin', 'Cincinnati', 'Beaverton', 'Eagle Springs', 'The Bronx', 'Little Neck', 'Norfolk', 'Oakland', 'Raleigh', 'North Augusta', 'Mountlake Terrace', 'New Orleans', 'Cincinnati', 'Lexington', 'Columbus', 'Traverse City', 'Cincinnati', 'Raleigh', 'Cleveland Heights', 'Cincinnati', 'Greenbelt', 'Gig Harbor', 'Louisville', 'Bedford', 'Newark', 'Arlington', 'St Charles', 'Buffalo', 'Irvine', 'Los Angeles', 'Aloha', 'Ann Arbor', 'Brooklyn', 'Three Rivers', 'Austin', 'Overland', 'Redlands', 'Goffstown', 'Lemoore', 'Watsontown', 'Kalamazoo', 'Milwaukie', 'Johntown', 'Upper Lake', 'Temecula', 'Spencer', 'Baltimore', 'Dallas', 'Beaverton', 'Novato', 'New York City', 'Marion', 'Oshkosh', 'Fairbanks', 'Tucson', 'Modesto', 'Silver Spring', 'Miami', 'Charleston', 'Virginia Beach', 'Ojai', 'Brooklyn', 'Vergennes', 'San Diego', 'Binghamton', 'Kill Devils Hills', 'San Mateo', 'Nutley', 'Colorado Springs', 'Bloomington', 'Newport Beach', 'Cincinnati', 'Trenton', 'Williamsport', 'Greenfield', 'Staten Island', 'Davenport', 'Minneapolis', 'Omaha', 'Albuquerque', 'Strafford', 'Reynolds', 'New Freedom', 'Fremont', 'Cary', 'Austin', 'Monroe', 'Memphis', 'Kernersville', 'Bear', 'Cary', 'New York', 'Corvallis', 'Louisville', 'Wichita', 'East Falmouth', 'Miami', 'Olympia', 'Richmond', 'Commerce Township', 'Fairfield', 'Ny', 'Loomis', 'Pleasant Ridge', 'Lexington', 'Lake Oswego', 'Burlington', 'Minneapolis', 'Harrison', 'Falls Church', 'Chicago', 'Lakebay', 'Richland', 'Merrick', 'Pacifica', 'Gaithersburg', 'Metairie', 'Baldwin', 'Beaverton', 'San Diego', 'Pittsburgh', 'Jacksonville', 'Beaverton', 'Rapid City', 'Austin', 'New York', 'Alpharetta', 'Arlington', 'San Francisco', 'Litchfield', 'San Francisco', 'Bridgewater', 'Sandpoint', 'Bellingham', 'Sumter', 'Albuquerque', 'Salem', 'Buffalo', 'Dallas', 'Tucson', 'Fontana', 'Las Vegas', 'Mundelein', 'North Hollywood', 'Mt Pleasant', 'Omaha', 'Federal Way', 'Cleveland Heights', 'Grand Rapids', 'Los Angeles', 'Caldwell', 'Woodcliff Lake', 'Littleton', 'Staten Island', 'Moab', 'Everett', 'Nashua', 'Bremerton', 'Seattle', 'Murrieta', 'Salem', 'Abington', 'Wrightstown', 'Chesapeake', 'Center Sandwich', 'Tualatin', 'West Vancouver', 'Denver', 'Los Angeles', 'Deming', 'Montrose', 'Tempe', 'Denver', 'New Bern', 'Bridgewater', 'Seattle', 'West Orange', 'Annapolis', 'Salt Lake City', 'Durham', 'Baltimore', 'Fountain Inn', 'Westfield', 'El Cajon', 'Merrimack', 'Millington', 'Seattle', 'Overland Park', 'Mercer Island', 'The Elk Valley', 'Los Angeles', 'Houston', 'Allston', 'Port Jefferson Station', 'Wyoming', 'Los Angeles', 'Evanston', 'Chesapeake', 'Chicago', 'Yorba Linda', 'York', 'Kansas City', 'Easton', 'Garden Valley', 'Ashburn', 'Seattle', 'Brooklyn', 'Richardson', 'Peoria', 'Maple Valley', 'Austin', 'Rio Grande City', 'Lowell', 'Buffalo', 'Miami', 'Hillsboro', 'Austin', 'Mahwah', 'Ellenwood', 'Austin', 'Wilmington', 'Colbert', 'Sarasota', 'Bluffton', 'Littleton', 'Jarratt', 'Anchorage', 'Manitowoc', 'Raleigh', 'Swisshome', 'Grifton', 'Iowa City', 'Jonesville', 'Palm Beach', 'Huntington', 'Boston', 'Asheville', 'Williamsburg', 'Apopka', 'Austin', 'New York', 'Minneapolis', 'Alpharetta', 'Bradenton', 'Baltimore', 'Springfield', 'Hartland', 'Baltimore', 'Ypsilanti', 'Beaverton', 'Butler', 'Lakeland', 'Cockeysville', 'Chicago', 'Mason', 'Mercer Island', 'Audubon', 'Kansas City', 'Bullhead City', 'Falls Church', 'Chicago', 'Saint Charles', 'Dearborn', 'Carver', 'Phoenix', 'Boise', 'Dalton', 'San Diego', 'Arlington', 'Milwaukee', 'Brooklyn', 'Charleston', 'Lexington', 'Marietta', 'Watertown', 'Chula Vista', 'Sutton', 'Holtsville', 'Destrehan', 'New Port Richey', 'Ann Arbor', 'Cincinnati', 'Walnut Grove', 'Lincoln', 'Atchison', 'Olympia', 'Cincinnati', 'Yelm', 'Bald Head Island', 'Des Moines', 'Austin', 'San Diego', 'Skippack', 'Tustin', 'Port St Lucie', 'Riverside', 'Buffalo', 'Seattle', 'Columbiana', 'St Charles', 'Mpls', 'Trenton', 'Walnut Creek', 'Brooklyn', 'Rhome', 'Pittsburg', 'Santee', 'Denver', 'San Diego', 'Anacortes', 'Atlantic Beach', 'Racine', 'Oakham', 'Idalou', 'Mahwah', 'Seattle', 'Plaistow', 'Bellingham', 'Lexington', 'Virginia Beach', 'Auburn', 'Lakewood', 'North Platte', 'Garnerville', 'Brooklyn', 'Haddonfield', 'Standish', 'Pelham', 'New York', 'Raleigh', 'Colorado Springs', 'Monroe', 'Grafton', 'Des Moines', 'Broomfield', 'Robbinsdale', 'Mount Vernon', 'Hood River', 'Richmond', 'Salem', 'Wayzata', 'Rockford', 'Woodland Park', 'Bronx', 'Omaha', 'Tempe', 'Buffalo Grove Chicago', 'Suffolk', 'Sarasota', 'Seattle', 'Royersford', 'Merrillville', 'Wharton', 'South Portland', 'Irvine', 'Cedar Rapids', 'Danbury', 'Palatine', 'Healdsburg', 'Beaverville', 'Ironwood', 'Roanoke', 'Fairbanks', 'St Augustine', 'Dallas', 'Sterling', 'Tucson', 'Denver', 'Keaau', 'Kansas City', 'Orlando', 'Aurora', 'Holly Springs', 'San Diego', 'Hartford', 'Cedar Falls', 'Kansas City', 'Richmond', 'York', 'South Berwick', 'Huntertown', 'Chapel Hill', 'Bartonville', 'Ocala', 'Woodbridge', 'Houston', 'Potomac Falls', 'Boston', 'Manassas', 'Atlanta', 'Florissant', 'Indianapolis', 'Rosebud', 'Newark', 'Uxbridge', 'Crescent City', 'Pensacola', 'Seattle', 'Mount Laurel', 'Pennsylvania', 'Edwardsville', 'Tallahassee', 'Burlington', 'Newalla', 'Rochester', 'Seattle', 'Schuylkill Haven', 'Bay City', 'Norfolk', 'New Castle', 'Seattle', 'Port Washington', 'Williston Park', 'Bay City', 'Port Orange', 'West Vancouver', 'Jersey City', 'Concord', 'Gahanna', 'Huddleston', 'Metuchen', 'Joshua Tree', 'Raleigh', 'The Woodlands', 'Tucson', 'League City', 'Shasta Lake City', 'San Antonio', 'El Cajon', 'Newport Or', 'Kamuela', 'Albuquerque', 'Colorado Springs', 'Berwyn Heights', 'Minneapolis', 'Ojai', 'Arlington', 'Seattle', 'Edmonds', 'Plano', 'Rochester', 'East Moline', 'New York', 'Olivehurst', 'Asheville', 'Cedar Rapids', 'Tigard', 'Seattle', 'Maryville', 'Carlsbad', 'Harrisburg', 'Fresno', 'Fayetteville', 'Sarasota', 'Washington', 'Lakeland', 'Kopperl', 'Washougal', 'Baltimore', 'Rosamond', 'San Antonio', 'Camden', 'Greeneville', 'Seattle', 'Fairbanks', 'Los Angeles', 'Fayetteville', 'Tucson', 'Fort Myers Beach', 'North Haven', 'Boston', 'Burlington', 'Horseheads', 'Lexington', 'Eustis', 'Los Gatos', 'Mercer Island', 'Chattanooga', 'Houston', 'Fife Wa', 'Miami', 'Des Moines', 'Campbellsville', 'Knoxville', 'Powell', 'Dalton', 'Austin', 'Ann Arbor', 'Moline', 'Washington', 'Philadelphia', 'Houston', 'Romeoville', 'Las Vegas', 'Anchorage', 'Bloomer', 'Princeton', 'Irmo', 'Tustin', 'Chicago', 'Colorado Springs', 'Yardley', 'Arlington', 'Letart', 'Washington Crossing', 'Saukville', 'Lawrenceville', 'Huntington Beach', 'Oakland', 'Pasadena', 'Rockaway', 'Herndon', 'Livonia', 'Woodbridge', 'Durham', 'Indianapolis', 'Frederick', 'Cincinnati', 'Cincinnati', 'Houston', 'Ny', 'Flint', 'Seattle', 'Decatur', 'Sacramento', 'Midvale', 'Long Branch', 'Alvin', 'Olympia', 'Auburn', 'St Marys City', 'Topeka', 'Newark', 'Daytona Beach', 'Bad Axe', 'Metamora', 'Walnut Ridge', 'Crystal Lake', 'Charleston', 'Deerfield Beach', 'Stockbridge', 'Indianapolis', 'Orleans', 'Albuquerque', 'Virginia Beach', 'Adairsville', 'Mequon', 'Oakland', 'Arlington', 'Montvale', 'Los Angeles', 'Newark', 'Hickory', 'Austin', 'Washington', 'Topeka', 'Westford', 'Los Angeles', 'Duluth', 'Sacramento', 'Ny', 'Antelope', 'Tarrytown', 'Woodstock', 'Cary', 'Worcester', 'Montpelier', 'Raton', 'Bismarck', 'Boston', 'New York', 'Houston', 'Fremont', 'Marion', 'Santa Monica', 'San Antonio', 'Grand Rapids', 'Irvine', 'Mt Pleasant', 'Bridgewater Corners', 'Memphis', 'Huntsville', 'Cincinnati', 'East Northport', 'Sunnyvale', 'York', 'New Bedford', 'Asheville', 'Fresno', 'Los Angeles', 'Spring Valley', 'Beaverton', 'York', 'New York City', 'Bellingham', 'Reno', 'Acworth', 'Santa Barbara', 'El Cajon', 'Round Rock', 'Cotati', 'Cincinnati', 'Wapakoneta', 'Warren', 'Dauphin', 'Orlando', 'Seattle', 'Grafton', 'Santa Barbara', 'Lynnwood', 'Anderson', 'Sumner', 'Philadelphia', 'Las Vegas', 'Seattle', 'Seattle', 'Bronx', 'Nashville', 'Yuma', 'East Brunswick', 'Mathews', 'Bloomingdale', 'Orlando', 'Milwaukie', 'Renton', 'Belton', 'Orlando', 'Rensselaer', 'Simi Valley', 'Springville', 'Cleveland', 'Hayden', 'Allston', 'Philadelphia Area', 'Milpitas', 'Salt Lake City', 'West Linn', 'Seattle', 'Martinez Augusta', 'Hialeah', 'Chicago', 'Mesa', 'Richmond', 'Oceanport', 'Seattle', 'Santa Monica', 'San Diego', 'Homestead', 'Cincinnati', 'Redway', 'Tigard', 'Richmond', 'Ormsby', 'Los Angeles', 'Ann Arbor', 'Albuquerque', 'Fairhope', 'Bloomfield Hills', 'Anaheim Hills', 'Houston', 'Buffalo', 'Tualatin', 'Orlando', 'New York', 'Moline', 'Palo Alto', 'Las Cruces', 'Lakeville', 'Albuquerque', 'Charleston', 'Detroit', 'Las Vegas', 'Sugar Land', 'South Portland', 'Mpls', 'Scotts Mills', 'Bethel', 'Hampton', 'Foster City', 'Albuquerque', 'Kent', 'Olympia', 'Ringle', 'Suffolk', 'Columbus', 'Simi Valley', 'Youngstown', 'Seattle', 'Palo Alto', 'Fresno', 'Kailua', 'Bloomfield Po', 'Crystal Lake', 'Paynesville Mn', 'Tampa', 'Annapolis', 'Albuquerque', 'Lagrange', 'Fairfax', 'Houston', 'Albuquerque', 'Walled Lake', 'Marinette', 'Tolland', 'Ny', 'Rockland', 'Brigham City', 'Southbridge', 'Portola Valley', 'New Haven', 'Lincoln', 'Clipper Mills', 'Jacksonville', 'Omaha', 'Chicopee', 'San Francisco', 'Grand Prairie', 'Vacaville', 'Clearwater', 'Mukilteo', 'Lakeland', 'Ann Arbor', 'Cortland', 'Lexington', 'Seagraves', 'Little Falls', 'El Cajon', 'Austin', 'Raleigh', 'Sumter', 'Leroy', 'High Point', 'Calfornia', 'Fremont', 'Killeen', 'Los Angeles', 'Covington', 'Fairport', 'Renton', 'Binghamton', 'Philadelphia', 'Oakland', 'Avondale', 'Long Branch', 'Albuquerque', 'La Jolla', 'Woburn', 'Lincoln', 'Oakland', 'Dickson', 'Appleton', 'Topeka', 'Orleans', 'Fernandina Beach', 'Lancaster', 'San Diego', 'Encinitas', 'Encinitas', 'Concord', 'Encinitas', 'Encinitas', 'West Hartford', 'Boulder', 'Washington', 'Red Feather Lakes', 'Altus', 'Olympia', 'Rock Hill', 'Olympia', 'Phoenix', 'Centreville', 'Grand Haven', 'Cincinnati', 'New Berlin', 'Albuquerque', 'Fountain Valley', 'Chapel Hill', 'Mesa', 'Tulsa', 'Sandiego', 'Jacksonville', 'Knoxville', 'Chicago', 'Monroe', 'Pittsburgh', 'Spanaway', 'Pearl River', 'Burlington', 'Beaverton', 'El Cajon', 'Mt Pleasant', 'Morrisville', 'Harleysville', 'Grayslake', 'Minneapolis', 'Orlando', 'Long Beach', 'Syracuse', 'Amherst', 'Lancaster', 'Modesto', 'Brattleboro', 'Fairbanks', 'Vineland', 'Oakland', 'Hartford', 'Chicago', 'Littleton', 'Montpelier', 'Fairfax', 'Albuquerque', 'San Diego', 'Seattle', 'Rock Hill', 'Metairie', 'Asheville', 'Hacienda Heights', 'Irving', 'Rochester', 'Kailua-kona', 'Sacramento', 'Lewiston', 'New York', 'Somerville', 'Cresskill', 'Chicago', 'Pensacola', 'Florissant', 'Bayfield', 'Costa Mesa', 'Wilkes-barre', 'San Diego', 'Miami', 'Minneapolis', 'Brooklyn', 'South Ohio', 'Las Vegas', 'Eureka', 'Elgin', 'San Francisco', 'Pacifica', 'Albuquerque', 'Spokane', 'Tucson', 'Colorado Springs', 'San Francisco', 'St Marys', 'Tucson', 'Milwaukee', 'Port Washington', 'Syracuse', 'Augusta', 'South Hadley', 'Newport Beach', 'Houston', 'Spokane', 'Tacoma', 'Bellingham', 'Sherman Oaks', 'Sacramento', 'Fairfax', 'Albuquerque', 'Bethalto', 'Riverside', 'Dallas', 'San Francisco', 'North Fort Myers', 'Benicia', 'Pleasanton', 'Seattle', 'Hagerstown', 'San Diego', 'Akron', 'Glendale', 'Green Bay', 'Denton', 'Atlanta', 'New Bern', 'Seattle', 'Elizabeth City', 'O Fallon', 'Jacksonville', 'Marietta', 'Springfield', 'Hanceville', 'Oakland', 'Snowmass Village', 'Rochester', 'Charleston', 'El Cajon', 'Roanoke', 'Deland', 'Albuquerque', 'Reno', 'Buffalo', 'Garfield Heights', 'Lakewood', 'Nashville', 'New Bern', 'Pontiac', 'San Diego', 'Silver City', 'Lancaster', 'Topeka', 'Swarthmore', 'Palmdale', 'Winston-salem', 'Columbus', 'Lakeland', 'S Charleston', 'Tulsa', 'Saint Louis Park', 'Minneapolis', 'Boerne', 'Summersville', 'Kansas City', 'Springfield', 'Cincinnati', 'Newark', 'New York', 'Palo Alto', 'Rochester', 'Springfield', 'San Francisco', 'Charleston', 'Brooklyn', 'Chula Vista', 'Federal Way', 'Beaverton', 'Northville', 'Trumbull', 'Pasadena', 'Madison', 'Oakland', 'Littleton', 'Kalamazoo', 'Minneapolis', 'Waltham', 'Philadelphia', 'Minneapolis', 'Caruthersville', 'Noxen', 'San Antonio', 'Leucadia', 'Houston', 'Los Angeles', 'Baltimore', 'Monona', 'West Vancouver', 'Seattle', 'Altamont', 'Clayton', 'Somerville', 'Westbank', 'Chandler', 'Round Rock', 'West Valley City', 'New Bern', 'La Mesa', 'Kendall Park', 'Seattle', 'Albuquerque', 'Jackson', 'Waltham', 'Fairbanks', 'Sioux Falls', 'Austin', 'Camden', 'Austin', 'Boston', 'Austin', 'Raleigh', 'North Miami', 'Chicago', 'Phoenix', 'Woodstock', 'Woodstock', 'Kennesaw', 'Potomac Falls', 'Montgomery', 'Sterling', 'Noblesville', 'Austin', 'Ypsilanti', 'Riverside', 'Denver', 'Pensacola', 'Newark', 'Appleton', 'Elburn', 'Madera', 'Mishawaka', 'Aurora', 'Olympia', 'Newark', 'Queens', 'Raleigh', 'Lubbock', 'Dallas', 'Lynchburg', 'Richland', 'Tallahassee', 'Finleyville', 'Stafford', 'Milwaukee', 'Denver', 'Albuquerque', 'Houston', 'Longview', 'Joplin', 'Austin', 'Torrance', 'Montvale', 'Saratoga', 'San Diego', 'Tucson', 'Anchorage', 'Columbus', 'Fremont', 'Aptos', 'La Crosse', 'Boston', 'Baton Rouge', 'Lexington', 'Tigard', 'Cincinnati', 'Albuquerque', 'Lafayette', 'Douglasville', 'Baton Rouge', 'Sacramento', 'Wilkes-barre', 'Kotzebue', 'York Haven', 'Bothell', 'Hanover Park', 'Tucson', 'Fort Lee', 'Detroit', 'Hartford', 'Freeburg', 'Arlington', 'Houston', 'Oak Harbor', 'Long Branch', 'Phoenix', 'Chicago', 'Glendale', 'Marion', 'Richmond', 'Somerville', 'Mesa', 'Saugatuck', 'Oak Ridge', 'Queens', 'Calabasas', 'San Diego', 'Kalamazoo', 'Tulsa', 'Santa Monica', 'Brandon', 'Bradenton', 'Lake Villa', 'Burlington', 'Somewhere', 'Albuquerque', 'Los Angeles', 'Dixon', 'Fishkill', 'Mcalester', 'Moberly', 'Harrisburg', 'Fredericksburg', 'Torrington', 'Buffalo', 'Las Cruces', 'Dillsburg', 'Scottsdale', 'Ogden', 'Westfield', 'Kenton', 'Broken Arrow', 'Burlington', 'Lakewood', 'San Diego', 'New York', 'Houston', 'White Bear Lake', 'Rochester', 'South Melbourne', 'Cheektowaga', 'Philadelphia', 'Anaheim', 'Haverhill', 'Arcata', 'Knoxville', 'Baton Rouge', 'Sterling', 'Leroy', 'Woodbury', 'San Diego', 'Rolla', 'Dyersburg', 'Cedar Rapids', 'La Mesa', 'Jasper', 'St Marys', 'California', 'Aurora', 'Oregon', 'Millersville', 'Austin', 'Grove City', 'Rialto', 'Des Moines', 'Islesboro', 'San Francisco', 'Albuquerque', 'Topeka', 'Raleigh', 'San Luis Obispo', 'Oakland', 'Albuquerque', 'Houston', 'San Diego', 'Ray', 'San Diego', 'Elkins Park', 'Seattle', 'Tucson', 'Tucson', 'Upper Darby', 'Austin', 'Issaquah', 'Molalla', 'Everett', 'Mesa', 'Addison', 'Burnet', 'Houston', 'Tempe', 'Arcata', 'Dallas', 'Cary', 'Brooklyn', 'Kansas City', 'Price', 'Newark', 'Framingham', 'East Meadow', 'Los Angeles', 'Carson City', 'Pasadena', 'Bronx', 'Port Hadlock', 'Redding', 'Centennial', 'New York City', 'San Diego', 'Los Angeles', 'Knoxville', 'Arlington', 'Richmond', 'Buffalo', 'Bowdoin', 'Stockton', 'Schenectady', 'Topeka', 'Livermore', 'Austin', 'Huntsville', 'Richmond', 'Kitty Hawk', 'Cary', 'Houston', 'Clinton', 'Sammamish', 'Fountain', 'South Meadow Drive', 'Little Falls', 'Bethesda', 'Joplin', 'Kent', 'Millersburg', 'Brownsville', 'Roseville', 'Hilton Head Island', 'Huntington Beach', 'Grass Lake', 'San Diego', 'Tewksbury', 'Rowlett', 'West Carthage', 'Kenner', 'Eugene', 'Napa', 'Grove City', 'Los Angeles', 'Houston', 'Racine', 'Oakland', 'Vacaville', 'Reno', 'Lewiston', 'Garden Grove', 'Caddo', 'Oceanside', 'Dorchester', 'Albuquerque', 'Elfin Forest', 'Livermore', 'Studio City', 'Key West', 'Coconut Grove', 'Chincoteague', 'Cranston', 'Raleigh', 'Anderson', 'Philadelphia', 'Indialantic', 'Santa Monica', 'Kansas City', 'Virginia Beach', 'Null', 'Redding', 'Pueblo', 'Washington', 'Springdale', 'New Orleans', 'Milwaukie', 'Ny', 'The Colony', 'Fort Worth', 'Hummelstown', 'Fairbanks', 'Hillsboro', 'Wichita', 'Memphis', 'Thousand Oaks', 'Kansas City', 'Ann Arbor', 'Murrieta']
Sri-lanka,['Lk', 'Kelaniya', 'Kandy', 'Kurunegala', 'Nochchiyagama']
Germany,['Berlin', 'Berlin', 'Kln', 'Stuttgart', 'Ulm', 'Dortmund', 'Heilbronn', 'Munich', 'Bonn', 'Berlin', 'Berlin', 'Hamburg', 'Hamburg', 'Roetgen', 'Dortmund', 'Hamburg', 'Kaiserslautern', 'Buedingen', 'Berlin', 'Frankford', 'Cologne', 'Stuttgart', 'Wellendingen', 'Leipzig', 'Inzlingen', 'Strausberg', 'Aachen', 'Offenbach', 'Aurich', 'Bonn', 'Muenchen', 'Berlin', 'Kln', 'Oberursel', 'Cologne', 'Golm', 'Krefeld', 'Bremen', 'Stuttgart', 'Hannover', 'Leer', 'Merzenich', 'Bochum', 'Muenchen', 'Kln', 'Pfullingen', 'Oberhausen', 'Kiel', 'Hamburg', 'Duesseldorf', 'Wermelskirchen', 'Stuttgart', 'Haltern Am See', 'Ilmenau', 'Duesseldorf', 'Berlin', 'Hamburg', 'Hannover', 'Bremen', 'Dortmund', 'Blomberg', 'Kumhausen', 'Geilenkirchen', 'Willich', 'Nehren', 'Bonn', 'Hannover', 'Erlangen', 'Friedrichsthal', 'Berlin', 'Cologne', 'Krefeld', 'Hanau', 'Essen', 'Frankenthal', 'Frankfurt', 'Frankfurt', 'Hannover', 'Darmstadt', 'Rostock', 'Stuttgart', 'Tuebingen', 'Hildesheim', 'Dortmund', 'Muenster', 'Berlin', 'Reutlingen', 'Leipzig', 'Berlin', 'Erfurt', 'Hamburg', 'Stuttgart', 'Oldenburg', 'Wuppertal', 'Kaufungen', 'Hilden', 'Ludwigshafen Am Rhein', 'Ulm', 'Bremen', 'Mannheim', 'Hannover', 'Kornwestheim', 'Potsdam', 'Stuttgart', 'Hannover', 'Kelheim', 'Zwickau', 'Bonn', 'Bremen', 'Karlsruhe', 'Braunschweig', 'Landau', 'Leonberg', 'Augsburg', 'Munich', 'Hamburg', 'Paderborn', 'Berlin', 'Frankfurt Am Main', 'Stuttgart', 'Bochum', 'Hamburg', 'Berlin', 'Wuppertal', 'Duisburg', 'Forchheim', 'Muenchen', 'Hohenhameln', 'Frankfurt', 'Muenster', 'Stuttgart', 'Frankfurt', 'Augsburg', 'Grossenseebach', 'Berlin', 'Andernach', 'Hamburg', 'Hamburg', 'Stuttgart', 'Duesseldorf', 'Dsseldorf', 'Mannheim', 'Hamburg', 'Hamburg', 'Bremen', 'Greven', 'Kiel', 'Stuttgart', 'Krakw', 'Ft White', 'Landau', 'Kranenburg', 'Munich', 'Wismar', 'Landau', 'Graefelfing', 'Wermelskirchen', 'Mannheim', 'Wuerzburg', 'Munich', 'Spangdahlem', 'Essen', 'Kelkheim', 'Frankfurt Am Main', 'Hamburg', 'Schliersee', 'Hitzacker', 'Stuttgart', 'Stuttgart', 'Bochum', 'Munich', 'Frankfurt Am Main', 'Kassel', 'Greifswald', 'Weiden', 'Wuerzburg', 'Bremen', 'Meersburg', 'Bargenstedt', 'Oberhausen', 'Magdeburg', 'Munich', 'Lueneburg', 'Leipzig', 'Hamburg', 'Marburg', 'Muenster', 'Hamburg', 'Hildesheim', 'Cologne', 'Stgt', 'Freiburg', 'Heidelberg']
Canada,['Burnaby', 'Nanaimo', 'Toronto', 'Ottawa', 'Toronto', 'Ottawa', 'Toronto', 'Peachland', 'Halifax', 'Calgary', 'Montreal', 'Calgary', 'Campbell River', 'Toronto', 'Lethbridge', 'Ottawa', 'Vancouver', 'Ancaster', 'Ottawa', 'Grande Prairie', 'Toronto', 'Winnipeg', 'Kelowna', 'Edmonton', 'Banff', 'Bocabec', 'Carmichael', 'Cypress', 'Vancouver', 'Port Coquitlam', 'Halifax', 'Richmond Hill', 'Toronto', 'North Vancouver', 'Vancouver', 'Vancouver', 'Toronto', 'Brampton', 'Winnipeg', 'Winnipeg', 'Toronto', 'Coquitlam', 'Toronto', 'Vancouver', 'Comox', 'Ajax', 'Brantford', 'Vancouver', 'Toronto', 'Brunswick', 'Ottawa', 'Ottawa', 'Toronto', 'Manotick', 'Toronto', 'Vancouver', 'Ottawa', 'Toronto', 'Coquitlam', 'Campbell River', 'Vancouver', 'Edmonton', 'Fredericton', 'Halifax', 'Brampton', 'Leduc', 'Calgary', 'Ottawa', 'Hotchkiss', 'Port Coquitlam', 'Mississauga', 'Toronto', 'Kitchener', 'Toronto', 'Calgary', 'Burnaby', 'Calgary', 'Vancouver', 'Vancouver', 'Toronto', 'Vancouver', 'Revelstoke', 'Kincardine', 'Toronto', 'Vancouver', 'Calgary', 'Abbotsford', 'Abbotsford', 'Candor', 'Kelowna', 'Toronto', 'Toronto', 'Vancouver', 'Ottawa', 'Toronto', 'Creston Bc', 'Toronto', 'Edmonton', 'Toronto', 'Montreal', 'New Hope', 'Calgary', 'Winnipeg', 'Holbein', 'Vancouver', 'Ottawa', 'Ottawa', 'Vancouver', 'Fredericton', 'Calgary', 'Montreal', 'Vanderhoof', 'Edmonton', 'Saskatoon', 'Logan', 'Ottawa', 'Montreal', 'Brampton', 'Guelph', 'Fredericton', 'Edmonton', 'Bobcaygeon', 'Bobcaygeon', 'Tofino', 'Valemount', 'Kamloops', 'Edmonton', 'Seabright', 'Burnaby', 'Edmonton', 'Ottawa', 'Belle Vallee', 'Halifax', 'Prince Albert', 'Saskatoon', 'Regina', 'Ottawa', 'Yarmouth', 'Vancouver', 'Toronto', 'Vancouver', 'Winnipeg', 'Montclair', 'Toronto', 'Saanichton', 'Fredericton', 'Kelowna', 'Edmonton', 'Winnipeg', 'Halifax', 'Toronto', 'Ottawa', 'Kitchener', 'Arnprior', 'Moncton', 'Ottawa', 'Kitchener', 'Toronto', 'Toronto', 'Mississauga', 'Vancouver', 'Toronto', 'Vancouver', 'Guelph', 'Vancouver', 'Ottawa', 'Ottawa', 'Abbotsford', 'Fredericton', 'Ottawa', 'Ottawa', 'Somerset', 'Montclair', 'St-narcisse', 'Vancouver', 'Vancouver', 'Toronto', 'Haysville', 'Vancouver', 'Toronto', 'Vancouver', 'Winnipeg', 'Vancouver', 'Kitchener', 'Kelowna', 'Kelowna', 'Toronto', 'Montreal', 'Brunswick', 'Winnipeg', 'Lethbridge', 'Vancouver', 'Richmond Hill', 'Toronto', 'Toronto', 'Fredericton', 'Saskatoon', 'Vancouver', 'Calgary', 'Vancouver', 'Ottawa', 'Ottawa', 'Edmonton', 'Ottawa', 'Oakville', 'Ottawa', 'Sault Ste Marie', 'Fredericton', 'Winnipeg', 'Calgary', 'Fredericton', 'Winnipeg', 'St Catharines', 'Ladner', 'Beaverdell', 'Calgary', 'Toronto', 'Toronto', 'Brunswick', 'Winnipeg', 'Nanaimo', 'Vanderhoof', 'Campbell River', 'Vancouver', 'Ottawa', 'Yarmouth', 'Toronto', 'Oakville', 'Vancouver', 'Ottawa', 'Windsor', 'Toronto', 'Ottawa', 'Toronto', 'North Vancouver', 'Toronto', 'Nanaimo', 'Slocan Park', 'Fredericton', 'Toronto', 'North Vancouver', 'Fort Mcmurray', 'Port Coquitlam', 'Vancouver', 'Somerset', 'Vancouver', 'Keswick Ridge', 'Toronto', 'Vancouver', 'Fredericton', 'Vancouver', 'Manotick', 'Chilliwack', 'Vancouver', 'Wolfville', 'Calgary', 'Toronto', 'Vancouver', 'Tsawwassen', 'Calgary', 'Ottawa', 'Powell River', 'Regina', 'Fredericton', 'Winnipeg', 'Regina', 'Edmonton', 'Halifax', 'Halifax', 'Toronto', 'Calgary', 'New Brunswick', 'Vancouver', 'Edmonton', 'Toronto', 'Toronto', 'Toronto', 'Nepean', 'Toronto', 'Foxboro', 'Placentia', 'Edmonton', 'Burnaby', 'Toronto', 'Port Coquitlam', 'Fredericton', 'Ottawa', 'Ottawa', 'Ottawa', 'Ottawa', 'Bathurst', 'Ivanhoe', 'Oakville', 'St Catharines', 'Vancouver', 'Windsor', 'Kirkland', 'Waterdown', 'Vancouver', 'Fredericton', 'Vancouver', 'Calgary', 'Kitchener', 'Montreal', 'Toronto', 'Calgary', 'Ladner', 'Vancouver', 'Halifax', 'Calgary', 'Winnipeg', 'Ontario', 'Toronto', 'Didsbury', 'Tsawwassen', 'Vancouver', 'Toronto', 'Fort Sask', 'Vancouver', 'Pefferlaw', 'Calgary', 'Quebec', 'Vancouver', 'Carmichael', 'Ottawa', 'Three Hills', 'Kenmore', 'Carrot Creek', 'Celista', 'Toronto', 'Moncton', 'Stevensville', 'Cassville', 'La Ronge', 'Vancouver', 'Vancouver', 'Kemptville', 'Calgary', 'Weed', 'Toronto', 'Gatineau', 'Halifax', 'Fredericton', 'Vancouver', 'North Vancouver', 'Budd Lake', 'Ottawa', 'Charlottetown', 'Sault Ste Marie', 'Barrie', 'Chilliwack', 'Vancouver', 'Laurium', 'Aylmer', 'Toronto', 'Toronto', 'Vancouver', 'Calgary', 'Vancouver', 'Brockville', 'Fort Frances', 'Vancouver', 'Burnaby', 'Vancouver', 'Calgary', 'Toronto', 'Calgary', 'Edmonton', 'Calgary', 'Ottawa', 'Coquitlam', 'Kelowna', 'Glace Bay', 'Shawnigan Lake', 'Ottawa', 'Vancouver', 'Vancouver', 'Mississauga', 'Whitehorse', 'Calgary']
Jamaica,['Portland', 'Edgewater', 'Portland', 'Portland', 'Surrey', 'Surrey', 'Surrey', 'Truro', 'Portland', 'Ferris', 'Troy', 'Portland', 'Portland', 'Portland', 'Portland', 'Summerfield', 'Hanover', 'Chudleigh', 'Falmouth', 'Portland', 'Portland', 'Tucker', 'Elizabeth', 'Kingston', 'Portland', 'North Oaks', 'Portland', 'Portland', 'Portland', 'Cornwall', 'Portland', 'Cornwall', 'Portland', 'Portland', 'White Hall', 'Mountain View', 'Elizabeth', 'Mountain View', 'Portland', 'Elizabeth', 'Prospect', 'Portland', 'Surrey', 'Mountain View', 'Kensington', 'Surrey', 'Kingston', 'Portland', 'Portland', 'Portland', 'St Thomas', 'Kendal', 'Portland', 'Portland', 'Portland', 'Jamaica Plain', 'Kingston', 'Woodside', 'Portland', 'Surrey', 'Kingston', 'Portland', 'Portland', 'Portland', 'Surrey', 'Malton', 'Portland', 'Portland', 'Portland', 'Troy', 'Kingston', 'Portland', 'Wilton', 'Portland', 'Kingston', 'North Smithfield', 'Evergreen']
Indonesia,['Malang', 'Section', 'Jakarta', 'Bandung', 'Jakarta', 'Malang', 'Taubat', 'Bandung', 'Salatiga', 'Medan']
Ireland,['Waterford', 'Bray', 'Dublin', 'Manter', 'Castlegar', 'Dublin', 'Limerick', 'Letterkenny', 'Dunmanway', 'Limerick', 'Waterford', 'Dublin', 'Dublin']
Trinidad-and-tobago,['San Fernando', 'Tacarigua', 'Carapichaima', 'Longdenville']
Portugal,['Lisbon', 'Lisboa', 'Estoril', 'Vila Nova Da Barquinha', 'Lisboa', 'Porto', 'Caldas Da Rainha', 'Lisboa', 'Barreiro', 'Arruda Dos Vinhos', 'Lisboa', 'Lisboa', 'Vila Real', 'Sesimbra', 'Caldas Da Rainha', 'Aveiro', 'Lisboa', 'Aveiro', 'Porto', 'Sintra', 'Lisbon', 'Porto', 'Coimbra', 'Porto', 'Mos', 'Superior', 'Porto', 'Braga', 'Aveiro', 'Arruda Dos Vinhos', 'Almada', 'Maia', 'Esposende', 'Oporto', 'Costa Da Caparica', 'Carnaxide', 'Borda Do Campo', 'Quinta Do Conde', 'Coimbra', 'Coimbra', 'Porto', 'Odivelas', 'Lisboa', 'Oeiras', 'Lisboa', 'Viana Do Castelo', 'Tomar', 'Almada', 'Lisboa', 'Almada', 'Amora', 'Amora', 'Amora', 'Amora', 'Amora', 'Aveiro']
Iceland,['Len']
Austria,['Vienna', 'Vienna', 'Vienna', 'Desselbrunn', 'Vienna', 'Salzburg', 'Vienna', 'Wien', 'Wien', 'Innsbruck', 'Wolfsberg', 'Wien', 'Vienna', 'Schwaz', 'Wien', 'Vienna', 'Wilfleinsdorf', 'Vienna', 'Linz']
United-kingdom,['Scone', 'Brighton', 'London', 'Oadby', 'Derby', 'London', 'Chester', 'Bradford', 'Edinburgh', 'Letchworth Garden City', 'Birmingham', 'Edinburgh', 'Cambridge', 'Hessle', 'Nottinghamshire', 'London', 'Milton', 'St Albans', 'Wolverhampton', 'Cardiff', 'Cleethorpes', 'Gainsborough', 'London', 'Manchester', 'London', 'Gwynedd', 'Birmingham', 'London', 'London', 'London', 'Derby', 'Biggleswade', 'London', 'London', 'Reading', 'Harrow', 'London', 'Norwich', 'London', 'Cambridge', 'Amersham', 'Whitstable', 'Brighton', 'London', 'Gales Ferry', 'Radcliffe On Trent', 'Highclere', 'London', 'London', 'Chalfont St Giles', 'Sheffield', 'Chester', 'Nottingham', 'Birmingham', 'London', 'Chester', 'Manchester', 'Chester', 'Kettering', 'Calne', 'Hull', 'Cambridge', 'Derby', 'Manchester', 'Hull', 'Glasgow', 'London', 'London', 'Chester', 'London', 'London', 'Manchester', 'Manchester', 'Chester', 'Milton Keynes', 'London', 'Chester', 'Nottingham', 'London', 'Glasgow', 'Bolton', 'Manchester', 'Norwich', 'Edinburgh', 'Stourport On Severn', 'Reading', 'Manchester', 'Bicester', 'Chesterfield', 'Watford', 'Angus', 'Edinburgh', 'Huddersfield', 'Manchester', 'Peterborough', 'Cardiff', 'London', 'London', 'Edinburgh', 'Cambridge', 'Crewe', 'Nottingham', 'Milton Keynes', 'London', 'Braintree', 'London', 'Inverness', 'Manchester', 'Manchester', 'Edinburgh', 'Mansfield', 'Hyde Park', 'Nottingham', 'Markham', 'Birmingham', 'Doncaster', 'Manchester', 'Swindon', 'Brighton', 'Hitchin', 'Cardiff', 'Swansea', 'London', 'Derby', 'Manchester', 'Smarden', 'Edinburgh', 'Liverpool', 'Stirling', 'Derby', 'London', 'Aldergrove', 'London', 'Manchester', 'Glasgow', 'Milton', 'Monmouth', 'Ely', 'Chester', 'Harlow', 'Liverpool', 'London', 'Colchester', 'London', 'Gillingham', 'Glasgow', 'Glasgow', 'Edinburgh', 'London', 'St Helens', 'Letchworth', 'London', 'Watford', 'Mylor Bridge', 'Manchester', 'London', 'Cheriton', 'Lochgilphead', 'Norwich', 'Romford', 'Stevenage', 'Stevenage', 'Cambridge', 'Norwich', 'London', 'Isle Of Wight', 'Southampton', 'Chester', 'Bradford', 'Horley', 'Fort William', 'London', 'Gloucester', 'Ripon', 'Chesterfield', 'Bristol', 'London', 'Preston', 'Cleckheaton', 'Stourbridge', 'Aldergrove', 'Tynemouth', 'Cardiff', 'London', 'London', 'Bristol', 'Cambridge', 'Birmingham', 'Edinburgh', 'Norwich', 'Glasgow', 'London', 'Birmingham', 'Chesterfield', 'Derby', 'Sheffield', 'Belfast', 'Bristol', 'Forest Of Dean', 'Hull', 'Manchester', 'London', 'Newcastle Upon Tyne', 'Derby', 'London', 'Nottingham', 'Llanelli', 'Northwich', 'Penicuik', 'Leicestershire', 'Waltham Cross', 'Leeds', 'Bristol', 'Glasgow', 'Nottingham', 'Stockton-on-tees', 'Chester', 'Derby', 'Brighton', 'Liverpool', 'New Windsor', 'London', 'Chester', 'Leeds', 'Mansfield', 'Emsworth', 'Cardiff', 'Milton', 'Bristol', 'London', 'Sheffield', 'Chorley', 'London', 'Coventry', 'Edinburgh', 'Milton', 'London', 'Clitheroe', 'Lyneham', 'Bristol', 'Dumfries', 'Edinburgh', 'Markham', 'Glasgow']
Venezuela,['Caracas', 'Caracas', 'San Juan Capistrano', 'Caracas']
Spain,['Igualada', 'Vitoria', 'Barcelona', 'Oviedo', 'Irun', 'Madrid', 'Bilbao', 'Terrassa', 'Valencia', 'Madrid', 'Valencia', 'Bermeo', 'Barcelona', 'Barcelona', 'Barcelona', 'Pontevedra', 'Mahon', 'Barcelona', 'Vitoria', 'Benicassim-castellon', 'Galapagar', 'Zaragoza', 'Getafe', 'Villanueva De La Serena', 'Vitoria-gasteiz', 'Barcelona', 'Bilbao', 'Barcelona', 'Barcelona', 'Madrid', 'Leganes', 'Madrid', 'Vitoria', 'Donostia', 'Madrid', 'Pontevedra', 'Sevilla', 'Valladolid', 'Madrid', 'Palma', 'Santander', 'San Sebastian', 'Puente San Miguel', 'Leioa', 'Barcelona', 'Ciempozuelos', 'Vigo', 'Toledo', 'Barcelona', 'Barcelona', 'Madrid', 'Madrid', 'Barcelona', 'Santiago De Compostela', 'San Sebastian', 'Barcelona', 'Ourense', 'Murcia', 'Santander', 'Barcelona', 'Madrid', 'Tarragona', 'Barcelona', 'Madrid', 'Barcelona', 'Erratzu', 'Sevilla', 'Barcelona', 'Sopelana', 'Lugo De Llanera', 'Llavaneres Barcelona', 'Valence', 'Rocafort', 'Malaga', 'Bilbao', 'Barcelona', 'Santa Coloma De Gramenet', 'Barcelona', 'El Vendrell', 'Sabadell', 'Redondela', 'Madrid', 'Valencia', 'Bilbao', 'Oviedo', 'Bilbao', 'Espaa', 'Ourense', 'Barcelona', 'Vitoria-gasteiz', 'Lleida', 'Gipuzkoa', 'Gipuzkoa', 'Madrid', 'Mungia', 'Santiago De Compostela', 'Madrid', 'Barcelona', 'Madrid', 'Madrid', 'Zaragoza', 'Madrid']
Cayman-islands,['George Town', 'Roberts Creek']
Afghanistan,['Ljk']
Italy,['Florence', 'Torino', 'Pisa', 'Udine', 'Milan', 'Coriano', 'Milano', 'Rome', 'Milano', 'Rome', 'Verona', 'Torino', 'Milano', 'Rome', 'Ancona', 'Milan', 'Grosseto', 'Milano', 'Venezia', 'Roma', 'Latina', 'Cesena', 'Florence', 'Bologna', 'Roma', 'Fiumicino', 'Roma', 'Reggio Emilia', 'Brescia', 'Castelfranco Veneto', 'Terracina', 'Fiesole', 'Perugia', 'Milano', 'Roma', 'Rome', 'Abbiategrasso', 'Rome', 'Genova', 'Genoa', 'Firenze', 'Scanzorosciate', 'Canonica Dadda', 'Roma', 'Naples', 'Sorrento', 'Roma', 'Milano', 'Rome', 'Rimini', 'Busto Arsizio', 'Laquila', 'Milano', 'Milano', 'Rome', 'Roma', 'Milano', 'Siena', 'Roma', 'Imola', 'Milano', 'Roma', 'Varese', 'Rome', 'Sambro', 'Roma', 'Milano', 'Piedmont', 'Pesaro', 'Roma', 'Torino', 'Roma', 'Pisa', 'Florence', 'Bergamo', 'Rome', 'Gorizia', 'Firenze', 'Magliano Di Tenna', 'Torre Del Greco', 'Padova', 'Roma', 'Milano', 'Rome', 'Bologna', 'Vicenza', 'Rome', 'Arcore', 'Rome', 'Bellusco', 'Roma', 'Perugia', 'Rome', 'Milano', 'Roma', 'Turin', 'Milano', 'Milano', 'Genova', 'Morazzone', 'Roma', 'Schio', 'Rome', 'Genova', 'Bergamo', 'Firenze', 'Pisa', 'Milano', 'Siena', 'Firenze', 'Lodi', 'Roma', 'Milano', 'Rome', 'Perugia', 'Rome', 'Bari', 'Napoli', 'Melzo', 'Firenze', 'Roma', 'Milano', 'Modena', 'Bologna', 'Catania', 'Padova', 'Milano', 'Vignate', 'Cinisello', 'Milano', 'Caserta', 'Roma', 'Roma', 'Rome', 'Milano', 'Torino', 'Genoa', 'Rome', 'Roma', 'Roma', 'Milano', 'Milano', 'Milano', 'Rome', 'Bari', 'Brescia', 'Sarzana', 'Trieste', 'Firenze', 'Buccinasco', 'Torino', 'Venice', 'Milano', 'Milano', 'Rome', 'Rome', 'Lucca', 'Vicenza', 'Torino', 'Bologna', 'Lurano Bg', 'Roma', 'Venezia', 'Firenze', 'Rome', 'Milano', 'Caltanissetta', 'Cologno Monzese', 'Bellaria-igea Marina', 'Torino', 'Caorso', 'Pisa', 'Bologna', 'Milano', 'Milano', 'San Bruno', 'Torino', 'Sesto San Giovanni', 'Milano', 'Salerno', 'Torino', 'Busto Arsizio', 'Cernusco Sul Naviglio', 'Milano', 'Forli', 'Milano', 'Varese', 'Busto Arsizio', 'Gubbio', 'Bologna', 'Milano', 'Pisa', 'Milano', 'Napoli', 'Genova', 'Genova', 'Napoli', 'Saronno', 'Modena', 'Rome', 'Padova', 'Roma', 'Cengio', 'Roma', 'Udine', 'Torino', 'Rome', 'Torino', 'Lecco', 'Trieste', 'Padova', 'Milano', 'Grandola Ed Uniti', 'Senigallia', 'Venezia', 'Genova', 'Crema', 'Monza', 'Candelo', 'Palermo', 'Pomezia Rome', 'Perugia', 'Roma', 'Trieste', 'Orvieto', 'Roma', 'Portogruaro', 'Novara', 'Palermo', 'Modena', 'Sesto San Giovanni', 'Padova', 'Abbiategrasso', 'Catania', 'Perugia', 'Milano', 'Siena', 'Cagliari', 'Roma', 'Roma', 'Milano', 'Milano', 'Roma', 'Lentini', 'Sesto San Giovanni', 'Casalgrande', 'Milano', 'Monza', 'Palazzolo Sulloglio', 'Napoli', 'Milano', 'Napoli', 'Genova', 'Genova', 'Giaveno', 'Verona', 'Milan', 'Firenze', 'Firenze', 'Legnano', 'Milan', 'Siena', 'Torino', 'Pordenone', 'Milano', 'Roma', 'Rimini', 'Rome', 'Genova', 'Genova', 'Venice', 'Bologna', 'Genova', 'Rome', 'Milano', 'Venezia', 'Pisa', 'Roma', 'Morlupo', 'Milano', 'Roma', 'Portegrandi', 'Padova', 'Milan', 'Isola Polvese', 'Trieste', 'Pioltello', 'Rome', 'Livorno', 'Torino', 'Roma', 'Milan', 'Modena', 'Padova', 'Roma', 'Potenza', 'Lecce', 'Aviano', 'Impruneta', 'Parona', 'Reggio Emilia', 'Vicenza', 'Venice', 'Salerno', 'Quarona', 'Como', 'Cadoneghe', 'Rome', 'Genova', 'Como', 'Rome', 'Udine', 'Melegnano Mi', 'Bologna', 'Rome', 'Padova', 'Santa Margherita Ligure', 'Venezia', 'Udine', 'Roma', 'Modena', 'Torino', 'Roma', 'Catania', 'Bologna', 'Fabrica Di Roma', 'Rome', 'Trezzano Sul Naviglio', 'Milano', 'Pordenone', 'Milano', 'Gemona Del Friuli', 'Verona', 'Milano', 'Roma', 'Trieste', 'Siena', 'Cinisello Balsamo', 'Milano', 'Brescia', 'San Martino Di Lupari', 'Bologna', 'Cuneo', 'Rivoli', 'Roma', 'Rapallo', 'Tito', 'Florence', 'Finale Ligure', 'Vercelli', 'Milano', 'Brescia', 'Milano', 'Milano', 'Milano', 'Perugia', 'Roma', 'Forli', 'Roma', 'Roma', 'Cerro Maggiore', 'Milano', 'Ferrara', 'Treviso', 'Roma', 'Torino', 'Milano', 'Pioltello', 'Gorizia', 'Milano', 'Milan', 'Padova', 'Vigonza Padua', 'Milano', 'Naples', 'Rome', 'Brembate Di Sopra Bg', 'Pesaro', 'Cernusco S', 'Verona', 'Pontoglio Bs', 'Genova', 'Brescia', 'Savona']
New-zealand,['Wellington', 'Christchurch', 'Hamilton', 'Unknown', 'Christchurch', 'Christchurch', 'Unknown', 'Lawrence', 'Unknown', 'Palmerston North', 'Darfield', 'Unknown', 'Palmerston North', 'Unknown', 'Unknown', 'Stratford', 'Palmerston North', 'Bay View', 'Wellington', 'Christchurch', 'Unknown', 'Unknown', 'Unknown', 'Unknown', 'Auckland', 'Canterbury', 'Huntly', 'Christchurch', 'Unknown', 'Lyttelton', 'Unknown', 'New Zealand', 'Mid Canterbury', 'Unknown', 'Waipukurau', 'Unknown', 'Unknown', 'Unknown', 'Wellington', 'Christchurch', 'Unknown', 'Wellington', 'Unknown', 'Unknown', 'Unknown', 'Pemberton', 'Auckland', 'Unknown', 'Christchurch', 'Unknown', 'Christchurch', 'Christchurch', 'Christchurch', 'Unknown', 'Unknown', 'Unknown', 'Hanmer', 'Ashhurst', 'Auckland', 'Unknown', 'Newbury', 'Christchurch', 'Marlborough', 'Unknown', 'Fernside', 'Palmerston North', 'Auckland', 'Wellington', 'Newmarket', 'Unknown', 'Ashburton', 'Unknown', 'Unknown', 'Unknown', 'Unknown', 'Auckland', 'Oxford', 'Unknown', 'Christchurch', 'Birkenhead', 'Unknown', 'Unknown', 'Unknown', 'Lynfield  Auckland', 'Rotorua', 'Unknown', 'Clifton', 'Unknown', 'Golden', 'Unknown', 'Unknown', 'Christchurch', 'Unknown', 'Lawrence', 'Unknown', 'Hamilton', 'Auckland', 'Unknown', 'Christchurch', 'Unknown', 'Christchurch', 'Timaru', 'Twyford', 'Unknown', 'Unknown', 'Unknown', 'Unknown', 'Unknown', 'Unknown', 'Lower Hutt', 'Unknown', 'Unknown', 'Auckland', 'Christchurch', 'Unknown', 'Unknown', 'Unknown', 'Unknown', 'Hamilton', 'Unknown', 'Unknown', 'Unknown', 'Unknown', 'Hamilton', 'Unknown', 'Dunedin', 'Unknown', 'Christchurch', 'Unknown', 'Christchurch', 'Hamilton', 'Temuka', 'Waitakere City', 'Unknown', 'Unknown', 'Unknown', 'Unknown', 'Unknown', 'Hamilton', 'Christchurch', 'Unknown', 'Hamilton', 'Alabaster', 'Hamilton', 'Gisborne', 'Henderson', 'Unknown', 'Unknown', 'Hamilton', 'Christchurch', 'Unknown', 'Oxford', 'Unknown', 'Christchurch', 'Westport', 'Unknown', 'Hamilton', 'Oxford', 'Lawrence', 'Palmerston North', 'Hamilton', 'Parkville', 'Christchurch', 'Tauranga', 'Unknown', 'Unknown', 'Waitakere', 'Maui', 'Unknown', 'Nelson', 'Unknown', 'Geraldine', 'Dunedin', 'Unknown', 'Christchurch', 'Unknown']
Denmark,['Copenhagen', 'Randers', 'Aarhus', 'Nordborg', 'Copenhagen', 'Copenhagen', 'Copenhagen', 'Copenhagen', 'Copenhagen', 'Skive', 'Frederiksberg', 'Copenhagen', 'Copenhagen', 'Aarhus', 'Copenhagen', 'Copenhagen', 'Esbjerg']
Maldives,['Fedu']
Egypt,['Cairo', 'Rub', 'Cairo', 'Cairo', 'Alexandria', 'Alexandria', 'Cairo', 'New Egypt', 'Cairo', 'Alexandria', 'Cairo', 'Cairo']
Costa-rica,['San Jose', 'Coronado', 'San Jose', 'San Jose', 'San Jose', 'San Jose', 'San Jose']
Seychelles,['Victoria', 'Victoria', 'Victoria', 'Victoria', 'Victoria', 'Victoria', 'Victoria', 'Victoria', 'Cascade', 'Victoria', 'Victoria', 'Victoria', 'Victoria', 'Victoria', 'Victoria', 'Victoria']
Norway,['Trondheim', 'Stavanger', 'Oslo', 'Nordland']
Australia,['Sydney', 'Melbourne', 'Surry Hills', 'Marysville', 'Brisbane', 'Perth', 'Melbourne', 'Melbourne', 'Adelaide', 'Huntingdale', 'Geraldton', 'College Park', 'Romsey', 'Lyndoch', 'Medowie', 'Stratham', 'Keswick', 'Stawell', 'Exton', 'Runcorn', 'Beecroft', 'Abingdon', 'Newcastle', 'Perth', 'Burke', 'Adelaide', 'Maryborough', 'North Wales', 'Sydney', 'Dulwich Hill', 'Fenton', 'Sydney', 'Sydney', 'Waverton', 'Storm Lake', 'Narre Warren', 'Sidney', 'Sydney', 'Surry Hills', 'Blackwood', 'Wallan', 'Sydney', 'Epping', 'Brisbane', 'Barrington', 'Roslyn', 'Glenfield', 'Seven Mile Beach', 'Melbourne', 'Brisbane', 'Merricks', 'Cobden', 'Jerseyville', 'Rockhampton', 'Dundas', 'Melbourne', 'Piermont', 'Newbury Park', 'Kathleen', 'Apex', 'Marysville', 'Canberra', 'Brisbane', 'Apex', 'Arnold', 'Melbourne', 'Sidney', 'Patterson Lakes', 'Mitcham', 'Melbourne', 'Hillbank', 'Storm Lake', 'Thorndale', 'Sydney', 'Melbourne', 'Melbourne', 'Sydney', 'Byron Bay', 'Melbourne', 'Sydney', 'Sydney', 'Coronet Bay', 'Scotts Valley', 'Harrington Park', 'Black Creek', 'Black Creek', 'North Ringwood', 'Watch Hill', 'Perth', 'Nyora', 'Sydney', 'Geelong', 'Fiddletown', 'Cedar Park', 'Marysville', 'Canberra', 'Croydon', 'Sydney', 'Sidney', 'Forest Grove', 'Waverton', 'Melbourne', 'Maple Falls', 'Moon', 'Mcarthur River', 'Perth', 'Exton', 'Brisbane', 'Langley', 'Sydney', 'Sydney', 'Allison Park', 'North Sydney', 'Sydney', 'Canberra', 'Perth', 'Sydney', 'Canberra', 'Sydney', 'Westwood', 'Frankston', 'Crediton', 'Melbourne', 'Melbourne', 'Perth', 'Melbourne', 'Langley', 'Sydney', 'Glen Osmond', 'Melbourne', 'Apex', 'Theodore', 'Melbourne', 'Latrobe', 'Sydney', 'Glenside', 'Adelaide', 'Rothwell', 'Langley', 'Caringbah', 'Bankstown', 'Adelaide', 'Newbury Park', 'Greenfield Park', 'Sidney', 'Perth', 'Mackay', 'Melbourne', 'Marysville', 'Newborough', 'Langley', 'Naracoorte', 'Sydney', 'Melbourne', 'Wigton', 'Monbulk', 'Sydney', 'Jerrabomberra', 'Newcastle']
South-georgia-and-south-sandwich-islands,['Dartmouth', 'Stromness']
Netherlands,['Dronten', 'Zwolle', 'Leiden', 'Veldhoven', 'Arnhem', 'Deventer', 'S-gravenzande', 'Eindhoven', 'Oosterhesselen', 'Gijn', 'Amsterdam', 'S-gravenhage', 'Gijn', 'Holland', 'Horst', 'Hellevoetsluis', 'Amstelveen', 'Lelystad', 'Capelle Ad Ijssel', 'Breda', 'Utrecht', 'Delft', 'Delft', 'Rotterdam', 'The Hague', 'Enschede', 'Den Haag', 'Boskoop', 'Utrecht', 'Gijn', 'Amsterdam', 'Deventer', 'Utrecht', 'Zwolle', 'Amsterdam', 'Amsterdam', 'Enschede', 'Tilburg', 'Amsterdam', 'Enschede', 'Delft', 'Delft', 'Arnhem', 'Voorschoten', 'Den Haag', 'Utrecht', 'Hindeloopen', 'Voorschoten', 'Groningen', 'Utrecht', 'Eindhoven', 'Groningen', 'Amsterdam', 'Amsterdam', 'Amsterdam', 'Groningen', 'Utrecht', 'Rotterdam', 'Alkmaar', 'Leiden', 'Harlingen', 'Amsterdam', 'Tholen', 'Assen', 'Lochem', 'Leiden', 'Amsterdam', 'Everdingen', 'Nijmegen', 'Bathmen', 'The Hague', 'Amersfoort', 'Den Haag', 'Alkmaar', 'Amsterdam', 'Den Haag', 'Deventer', 'The Hague']
India,['Thrissur', 'Mumbai', 'Varanasi', 'Delhi', 'Mumbai', 'Hyderabad', 'Chennai-', 'New Delhi', 'Mumbai', 'Kolkata', 'Kolkata', 'Chennai', 'Mumbai', 'Mumbai', 'Chennai', 'Palakkad', 'Mumbai', 'Pune', 'Calcutta', 'Pune', 'Hyderabad']
Belgium,['Oudenburg', 'Lige', 'Pepinster', 'Alken', 'Brussels', 'Lige', 'Monceau Sur Sambre', 'Kessel-lo', 'Evere']
Hong-kong,['Hong Kong', 'Hong Kong']
Israel,['Haifa', 'Hadera', 'Neptune Beach', 'Kfar-saba', 'Haifa', 'Haifa']
Antarctica,['Kirkwood', 'Carnegie', 'Stone Ridge', 'Bakewell', 'Ewing', 'Berkley', 'Lutz', 'Bob', 'Whistler', 'Coombs', 'Horseshoe Valley', 'Cheney', 'Green Valley', 'Merritt Island', 'Edisto Island', 'Mount Morris', 'Clemons', 'East Ridge', 'Lacey', 'Kirkwood', 'Lacey', 'Kirkwood', 'Humble', 'Fries', 'Mt Morris', 'Bridger', 'Hollister']
Slovenia,['Ljubljana', 'Ljutomer', 'Ljubljana', 'Ljubljana', 'Ljubljana']
Chile,['Osorno', 'Calama', 'Cochrane', 'Santiago', 'Santiago']
Ecuador,['Seymour', 'Quito', 'Seymour']
Russia,['Na', 'Na', 'St Petersburg', 'Central', 'Na', 'Na', 'Central', 'Novosibirsk', 'Na', 'Na', 'Toora', 'Na', 'Na', 'Na', 'Na', 'Na', 'Moscow', 'Na']
Bosnia-and-herzegovina,['Old Bridge', 'Sarajevo', 'Mostar']
Solomon-islands,['Roy']
Bolivia,['Irua', 'Santa Cruz', 'La Paz', 'Cercado']
Brazil,['Santo Andre', 'Porto Da Espada', 'Rubiataba', 'Socorro', 'Bom Jesus Da Lapa-bahia', 'Juiz De Fora', 'Rio', 'Campinas', 'Descanso', 'Rio De Janeiro', 'Curitiba', 'South Saint Paul', 'Arco']
Mauritania,['Mlaga', 'Mlaga']
Bahamas,['Duncan', 'Freeport', 'Lynden', 'Hope', 'Duncan']
Kenya,['Lake Forest Park']
Philippines,['Cebu City', 'Quezon City', 'Naga', 'Iligan City', 'Quezon City', 'Dagupan City', 'Iligan City', 'Tarlac', 'Apo', 'Quezon City', 'Manila', 'Naga City', 'Muntinlupa City', 'Mandaluyong', 'Quezon City']
Romania,['Bucuresti', 'Bors', 'Iasi', 'Bucharest']
Turkey,['Ankara', 'Istanbul', 'Istanbul', 'Istanbul', 'Istanbul', 'Istanbul', 'Istanbul', 'Istanbul', 'Ankara', 'Istanbul', 'Istanbul', 'Istanbul', 'Istanbul', 'Ankara', 'Ankara', 'Istanbul', 'Ankara', 'Istanbul', 'Ankara', 'Ankara', 'Smyrna']
Morocco,['Tanger', 'Taroudant', 'Homer', 'Massa']
Greenland,['Gardiner', 'Gardiner', 'Gardiner', 'Congress', 'Bonsall']
Saudi-arabia,['Riyadh', 'Jeddah']
Serbia,['Belgrade', 'Beograd', 'Kraljevo', 'Kragujevac']
France,['Bethune', 'St Cloud', 'Marseille', 'Paris', 'Les Ulis', 'Toulouse', 'Chaumont', 'Toulouse', 'Paris', 'Paris', 'Nice', 'Montmartre', 'Nancy', 'Strasbourg', 'Calais', 'Nancy', 'Lille', 'Arnouville Les Gonesse', 'Woippy', 'Paris', 'Lille', 'Paris', 'Hermitage', 'Paris', 'Paris', 'Paris', 'Annemasse', 'Quesnel', 'Lille', 'Paris', 'Paris', 'Villejuif', 'Villeneuve Dascq', 'Rennes', 'Lyons', 'Bourbonnais', 'Voiron', 'Albertville', 'Le Mars', 'Montpellier', 'Paris', 'Sainte-foy', 'Paris', 'Aix Les Bains', 'Lorient', 'Chatelaillon-plage', 'St Jean Le Vieux', 'Roquesteron-grasse', 'Dijon', 'Lyon', 'Temple', 'Mazieres-en-gatine', 'Toulouse', 'Paris', 'Courtenay', 'Gap', 'Vernon', 'Laxou', 'Saint Cloud', 'Celle', 'Paris', 'St Cloud', 'Paris', 'Paris', 'Paris', 'Paris', 'Vernon', 'Rennes']
Barbados,['Bridgetown']
Singapore,['Singapore', 'Singapore', 'Park Ridge', 'Singapore', 'Singapore', 'Redhill', 'Singapore', 'Singapore', 'Singapore', 'Singapore']
South-africa,['Johannesburg', 'Cedarville', 'Fairland', 'Johannesburg', 'Cape Town', 'Cape Town', 'Cape Town', 'Vereeniging', 'Alberton', 'Mafikeng', 'Cape Town']
Saint-helena,['Jamestown', 'Jamestown', 'Longwood']
St-kitts-and-nevis,['Middle Village', 'Middle Island']
Malaysia,['Boring', 'Klang', 'Ipoh', 'Kuala Lumpur', 'Muar', 'Kota Kinabalu', 'Melaka', 'Kuala Lumpur', 'Seremban', 'Shah Alam', 'Kuala Lumpur', 'Petaling Jaya']
Belarus,['Minsk']
Bermuda,['West Warwick', 'Warwick']
Cambodia,['Phnom Penh']
Mexico,['Sonora', 'Sonora', 'Guadalajara', 'City', 'Puerto Vallarta', 'Durango', 'Alburquerque', 'Ajijic', 'City', 'Guadalajara', 'Mexico', 'Creston', 'Mexico', 'Mt Laurel', 'Cuernavaca', 'De Soto']
Falkland-islands,['Pleasant Hill', 'Pleasant Hill']
Ghana,['Newtown', 'Accra', 'Savannah', 'Accra', 'Savannah', 'Accra']
Colombia,['Escondido', 'Utica', 'Columbia', 'Bogota', 'Columbia', 'Montebello', 'Columbia', 'Columbia', 'Bogot', 'Escondido', 'Columbia', 'Columbia']
Pakistan,['Lahore', 'Lahore', 'Islamabad', 'Faisalabad', 'Karachi', 'Lahore', 'Lahore']
Paraguay,['Martinez']
Grenada,['Hillsborough', 'Granada', 'Hillsborough', 'Granada', 'Granada']
Croatia,['Slavonski Brod', 'Rijeka', 'Rijeka']
Chad,['N', 'Iel']
Bulgaria,['Sofia', 'Bansko', 'Sofia', 'Sofia', 'Sofia', 'Sofia', 'Sofia']
Burundi,['Ciri']
Senegal,['St Louis', 'St Louis', 'St Louis', 'St Louis', 'St Louis', 'Saint Louis', 'St Louis', 'St Louis', 'St Louis', 'Saint Louis', 'St Louis', 'St Louis', 'St Louis']
Guyana,['Hackney', 'Georgetown', 'Georgetown', 'Georgetown', 'Georgetown', 'Annandale', 'Linden', 'Georgetown']
China,['Beijing', 'Qingdao', 'Shantou', 'Guangzhou', 'Changchun', 'Beijing', 'Beijing', 'Zhanjiang', 'Shanghai', 'Beijing', 'Shanghai  China', 'Shandong', 'Taixing', 'Beijing', 'Shanghai', 'Beijing', 'Shanghai', 'Haiku', 'Foshan', 'Nanning', 'Shanghai']
Iraq,['Kureme']
Argentina,['La Plata', 'Santa Rosa', 'Santa Rosa', 'La Plata', 'Rio Piedras', 'Mendoza - Argentina', 'Buenos Aires', 'Los Osos']
Papua-new-guinea,['Hanahan', 'Bristow']
Finland,['Helsinki', 'Helsinki', 'Hollola', 'Turku', 'Tampere', 'Joensuu', 'Helsinki', 'Helsinki', 'Pori', 'Tampere']
Zimbabwe,['Norton', 'Zenda']
Switzerland,['Lutry', 'Lugano', 'Lugano', 'Zurich', 'Canton', 'Lugano', 'Lausanne', 'Canton', 'Wangen', 'Lausanne', 'Solothurn', 'Oberurnen', 'Switzerland', 'Aarau', 'Geneva', 'Bern', 'Luzern', 'Bolligen']
Cuba,['San Jos', 'Quemado', 'Portales', 'Villa Ridge', 'Havana', 'Avila', 'San Jos', 'Portales', 'Portales', 'Magnolia', 'Ester', 'La Quinta']
Greece,['Ithaca', 'Chalkis', 'Athens', 'Athens', 'Ithaca']
Sweden,['Goteborg', 'Falun', 'Stockholm', 'Stockholm', 'Stockholm', 'Lule', 'Lund', 'Leksand', 'Aelvsjoe', 'Stockholm', 'Stockholm', 'Mutala', 'Uppsala', 'Visby', 'Pite', 'Stockholm', 'Lule', 'Varberg']
Nigeria,['Lagos', 'Lagos', 'Lagos', 'Lagos', 'Owerri', 'Port Harcourt', 'Lagos', 'Calabar', 'Lagos', 'Lagos', 'Lagos', 'Lagos']
Malta,['Mosta', 'Paola']
Botswana,['Gaborone']
Japan,['Aki', 'Tokyo', 'Iwakuni', 'Yokota Air Base']
Haiti,['Laval West']
Slovakia,['Bratislava', 'Nitra']
Kosovo,['Prishtina', 'Prizren']
Ukraine,['Odessa', 'Dnipropetrovsk', 'Sebastopol', 'Sebastopol']
Jordan,['Amman', 'Amman', 'Irbed']
Taiwan,['Taichung City', 'Taipei', 'Taichung County']
Moldova,['Chisinau']
U-s-virgin-islands,['Charlotte', 'Bay Of Island', 'Charlotte', 'Charlotte', 'Charlotte', 'Charlotte']
Algeria,['Batna', 'Alger']
Thailand,['Kaeo', 'Bangkok']
Hungary,['Budapest']
Tunisia,['Sousse']
Dominica,['Salisbury', 'Portsmouth', 'St Joseph']
El-salvador,['San Marcos', 'San Marcos', 'Santa Ana']
Latvia,['Riga', 'Jelgava', 'Riga', 'Riga', 'Riga']
Guam,['Po Box']
Puerto-rico,['Isabela', 'San Juan', 'Salinas', 'Cayey', 'Granada Hills']
Dominican-republic,['Urbana', 'Adrian']
Oman,['Mct']
South-korea,['Lake Country', 'Ulsan']
United-arab-emirates,['Abu Dhabi']
Iran,['Tehran', 'Tehran']
Reunion,['St Paul', 'St Paul', 'Saint Paul', 'St Paul', 'St Paul', 'Saint Paul']
Lesotho,['Lesotho']
French-southern-territories,['Lapine']
Liberia,['Greenville', 'Wilsonville', 'Greenville']
Sint-maarten,['Bay Village']
Czechia,['Prague', 'Prague']
Micronesia,['Manton']
Cabo-verde,['Mindelo', 'Santa Maria']
Bangladesh,['Chittagong', 'Dhaka', 'Sylhet', 'Dhaka', 'Rajshahi']
Vietnam,['Tri', 'Central Coast', 'Saigon', 'Ha Noi']
Yemen,['Frth']
Poland,['Zakopane', 'Chojnice', 'Warsaw', 'Lublin']
Guadeloupe,['Gosier']
Cyprus,['Marina', 'Paphos']
Uruguay,['Montevideo', 'Montevideo']
Azerbaijan,['Baku']
Eswatini,['Havelock', 'Havelock', 'Havelock', 'Havelock']
Antigua-and-barbuda,['Carlisle', 'St Johns']
Madagascar,['Reserve']
Belize,['Orange']
Uganda,['Kampala']
Myanmar,['Yangon']
Tonga,['Nukualofa', 'Houma']
Lebanon,['Beirut', 'Lebanon', 'Marid']
Albania,['Albany', 'Albany', 'Albany', 'Albany']
Sierra-leone,['Waterloo']
Zambia,['Soke']
Nicaragua,['Managua']
Luxembourg,['Bettendorf']
Honduras,['Monte Vista']
Saint-lucia,['Diamond']
Peru,['Lima']
Lithuania,['Vilnius']
Uzbekistan,['Tashkent', 'Navoiy']
American-samoa,['Shoreline', 'Shoreline']
Mali,['Katy']
Mauritius,['Creve Coeur', 'Black Mountain']
Nepal,['Kathmandu']
Georgia,['El Horia']
Syria,['Damascus']
Tanzania,['Forest Falls']
Namibia,['Windhoek']
North-macedonia,['Kaslo']
Kuwait,['Kuwait']
