city,country
London,United Kingdom
Birmingham,United Kingdom
Leeds,United Kingdom
Glasgow,United Kingdom
Bristol,United Kingdom
Manchester,United Kingdom
Sheffield,United Kingdom
Liverpool,United Kingdom
Edinburgh,United Kingdom
Leicester,United Kingdom
Coventry,United Kingdom
Caerdydd,United Kingdom
Belfast,United Kingdom
Newcastle,United Kingdom
Bradford,United Kingdom
Nottingham,United Kingdom
Ipswich,United Kingdom
Bolton,United Kingdom
Sunderland,United Kingdom
Southampton,United Kingdom
Plymouth,United Kingdom
Westminster,United Kingdom
Kingston upon Hull,United Kingdom
Derby,United Kingdom
Wolverhampton,United Kingdom
Stoke-on-Trent,United Kingdom
Portsmouth,United Kingdom
Barnsley,United Kingdom
Abertawe,United Kingdom
Swindon,United Kingdom
Luton,United Kingdom
Northampton,United Kingdom
Solihull,United Kingdom
Milton Keynes,United Kingdom
Aberdeen,United Kingdom
Norwich,United Kingdom
Peterborough,United Kingdom
Basildon,United Kingdom
Bournemouth,United Kingdom
York,United Kingdom
Warrington,United Kingdom
Huddersfield,United Kingdom
Reading,United Kingdom
Southend,United Kingdom
Oxford,United Kingdom
Gloucester,United Kingdom
West Bromwich,United Kingdom
Dundee,United Kingdom
Poole,United Kingdom
Newport,United Kingdom
Birkenhead,United Kingdom
Blackpool,United Kingdom
Telford,United Kingdom
Preston,United Kingdom
Middlesbrough,United Kingdom
Sale,United Kingdom
Brighton,United Kingdom
High Wycombe,United Kingdom
Cambridge,United Kingdom
Exeter,United Kingdom
Colchester,United Kingdom
Gateshead,United Kingdom
Blackburn,United Kingdom
Slough,United Kingdom
Chelmsford,United Kingdom
Cheltenham,United Kingdom
Rochdale,United Kingdom
Rotherham,United Kingdom
Doncaster,United Kingdom
Maidstone,United Kingdom
Basingstoke,United Kingdom
Worthing,United Kingdom
Crawley,United Kingdom
Salford,United Kingdom
Saint Helens,United Kingdom
Worcester,United Kingdom
Gillingham,United Kingdom
Eastbourne,United Kingdom
Wigan,United Kingdom
Hove,United Kingdom
Lincoln,United Kingdom
Rayleigh,United Kingdom
Hemel Hempstead,United Kingdom
Bath,United Kingdom
Darlington,United Kingdom
Wimbledon,United Kingdom
Watford,United Kingdom
Hastings,United Kingdom
Nuneaton,United Kingdom
Stevenage,United Kingdom
Hartlepool,United Kingdom
Chester,United Kingdom
Aylesbury,United Kingdom
Burnley,United Kingdom
Saint Albans,United Kingdom
Chatham,United Kingdom
Batley,United Kingdom
Scunthorpe,United Kingdom
Dudley,United Kingdom
Weston-super-Mare,United Kingdom
South Shields,United Kingdom
Bury,United Kingdom
Paisley,United Kingdom
Mansfield,United Kingdom
Bracknell,United Kingdom
Carlisle,United Kingdom
East Kilbride,United Kingdom
Burton upon Trent,United Kingdom
Crewe,United Kingdom
Newcastle under Lyme,United Kingdom
Harrogate,United Kingdom
Rugby,United Kingdom
Tamworth,United Kingdom
Lowestoft,United Kingdom
Gosport,United Kingdom
Grays,United Kingdom
Walton upon Thames,United Kingdom
Gravesend,United Kingdom
Walsall,United Kingdom
Tynemouth,United Kingdom
Paignton,United Kingdom
Rochester,United Kingdom
Washington,United Kingdom
Ashford,United Kingdom
Merthyr Tudful,United Kingdom
Scarborough,United Kingdom
Farnborough,United Kingdom
Stourbridge,United Kingdom
Hereford,United Kingdom
Dewsbury,United Kingdom
Loughborough,United Kingdom
Wrecsam,United Kingdom
Kettering,United Kingdom
Ellesmere Port,United Kingdom
Bangor,United Kingdom
Runcorn,United Kingdom
Taunton,United Kingdom
Littlehampton,United Kingdom
Wallasey,United Kingdom
Bebington,United Kingdom
Macclesfield,United Kingdom
Royal Tunbridge Wells,United Kingdom
Folkestone,United Kingdom
Royal Leamington Spa,United Kingdom
Crosby,United Kingdom
Stratford,United Kingdom
Kidderminster,United Kingdom
Altrincham,United Kingdom
Weymouth,United Kingdom
Barri,United Kingdom
Dunfermline,United Kingdom
Bootle,United Kingdom
Hamilton,United Kingdom
Lancaster,United Kingdom
Cumbernauld,United Kingdom
Brentwood,United Kingdom
Willenhall,United Kingdom
Pen-y-Bont ar Ogwr,United Kingdom
Stretford,United Kingdom
Neath,United Kingdom
Kirkcaldy,United Kingdom
Ashton,United Kingdom
Inverness,United Kingdom
Salisbury,United Kingdom
Ayr,United Kingdom
Wokingham,United Kingdom
Banbury,United Kingdom
Hinckley,United Kingdom
Coatbridge,United Kingdom
Chorley,United Kingdom
Kingswood,United Kingdom
Kingston upon Thames,United Kingdom
Newbury,United Kingdom
Llanelli,United Kingdom
Ramsgate,United Kingdom
Bishops Stortford,United Kingdom
Aberdare,United Kingdom
Herne Bay,United Kingdom
Bletchley,United Kingdom
Airdrie,United Kingdom
Bridlington,United Kingdom
Falkirk,United Kingdom
Dover,United Kingdom
Hitchin,United Kingdom
Grantham,United Kingdom
Ewell,United Kingdom
Abingdon,United Kingdom
Trowbridge,United Kingdom
Rutherglen,United Kingdom
Wigston Magna,United Kingdom
Lichfield,United Kingdom
Ecclesfield,United Kingdom
Brighouse,United Kingdom
Saint Neots,United Kingdom
Motherwell,United Kingdom
Chichester,United Kingdom
Wishaw,United Kingdom
Bromsgrove,United Kingdom
Hertford,United Kingdom
Harpenden,United Kingdom
Cambuslang,United Kingdom
Rhyl,United Kingdom
Longbridge,United Kingdom
Bearsden,United Kingdom
Shenley Brook End,United Kingdom
Billericay,United Kingdom
Aldridge,United Kingdom
Upminster,United Kingdom
Coulsdon,United Kingdom
Newton Mearns,United Kingdom
Rainham,United Kingdom
Bishop Auckland,United Kingdom
Clydebank,United Kingdom
Market Harborough,United Kingdom
Droylsden,United Kingdom
Plymstock,United Kingdom
Stratton Saint Margaret,United Kingdom
Arbroath,United Kingdom
Oadby,United Kingdom
Litherland,United Kingdom
Sheldon,United Kingdom
Bishopbriggs,United Kingdom
Littleover,United Kingdom
Huntingdon,United Kingdom
Minster,United Kingdom
Maesteg,United Kingdom
Bathgate,United Kingdom
Truro,United Kingdom
Yate,United Kingdom
Southbourne,United Kingdom
Leek,United Kingdom
Falmouth,United Kingdom
Woodlesford,United Kingdom
Renfrew,United Kingdom
Leigh-on-Sea,United Kingdom
Goodmayes,United Kingdom
Penzance,United Kingdom
Peterhead,United Kingdom
Bellshill,United Kingdom
Davyhulme,United Kingdom
Antrim,United Kingdom
Frimley,United Kingdom
Great Linford,United Kingdom
Maltby,United Kingdom
Keynsham,United Kingdom
Broughty Ferry,United Kingdom
Tonypandy,United Kingdom
Hadleigh,United Kingdom
East Barnet,United Kingdom
Dingle,United Kingdom
Bonnyrigg,United Kingdom
Fern Down,United Kingdom
Cosham,United Kingdom
High Blantyre,United Kingdom
Nailsea,United Kingdom
Basford,United Kingdom
Porthcawl,United Kingdom
Milton,United Kingdom
Hilsea,United Kingdom
Kilwinning,United Kingdom
Woodhouse,United Kingdom
Kidbrooke,United Kingdom
Bingley,United Kingdom
Maldon,United Kingdom
Fazakerley,United Kingdom
Larkhall,United Kingdom
Hatch End,United Kingdom
Deysbrook,United Kingdom
Whickham,United Kingdom
South Hayling,United Kingdom
Johnstone,United Kingdom
Morriston,United Kingdom
Wombwell,United Kingdom
Prestwick,United Kingdom
Hythe,United Kingdom
Melksham,United Kingdom
Gornalwood,United Kingdom
Rosyth,United Kingdom
Saffron Walden,United Kingdom
Kidlington,United Kingdom
Whitby,United Kingdom
Swinton,United Kingdom
Harrow Weald,United Kingdom
Tredegar,United Kingdom
Ilkley,United Kingdom
Ovenden,United Kingdom
Childwall,United Kingdom
Shenley Church End,United Kingdom
Egg Buckland,United Kingdom
Fraserburgh,United Kingdom
Walsall Wood,United Kingdom
Bodmin,United Kingdom
Streetly,United Kingdom
Wollaston,United Kingdom
Thorpe Saint Andrew,United Kingdom
Hawick,United Kingdom
Wolverton,United Kingdom
Linlithgow,United Kingdom
Broadwater,United Kingdom
Milford Haven,United Kingdom
Sutton on Hull,United Kingdom
Milngavie,United Kingdom
Southwick,United Kingdom
Lye,United Kingdom
Thatto Heath,United Kingdom
Blunsdon Saint Andrew,United Kingdom
Hoyland Nether,United Kingdom
Giffnock,United Kingdom
Blundellsands,United Kingdom
Earlestown,United Kingdom
Snaresbrook,United Kingdom
Parkstone,United Kingdom
Cromer,United Kingdom
Hollington,United Kingdom
Woolton,United Kingdom
Sandridge,United Kingdom
Abergavenny,United Kingdom
Warsop,United Kingdom
Gourock,United Kingdom
Forres,United Kingdom
Abertillery,United Kingdom
Trentham,United Kingdom
Carnoustie,United Kingdom
Tonyrefail,United Kingdom
Brislington,United Kingdom
Oakham,United Kingdom
Bishopstoke,United Kingdom
Kippax,United Kingdom
Ryhope,United Kingdom
Glascote,United Kingdom
Larbert,United Kingdom
Lemington,United Kingdom
Henley on Thames,United Kingdom
Tavistock,United Kingdom
Horsell,United Kingdom
Buckhurst Hill,United Kingdom
Newport,United Kingdom
Cupar,United Kingdom
Stranraer,United Kingdom
Longbenton,United Kingdom
Wilnecote,United Kingdom
Inverurie,United Kingdom
Hellesdon,United Kingdom
Broadstone,United Kingdom
Roby,United Kingdom
Nairn,United Kingdom
Ifield,United Kingdom
Amesbury,United Kingdom
Utley,United Kingdom
Helston,United Kingdom
Aberbargoed,United Kingdom
Choppington,United Kingdom
Allington,United Kingdom
Chapeltown,United Kingdom
Shenfield,United Kingdom
Dunbar,United Kingdom
Warfield,United Kingdom
Glenfield,United Kingdom
Broughton Astley,United Kingdom
Greenhill,United Kingdom
Cove,United Kingdom
South Normanton,United Kingdom
Kilsyth,United Kingdom
Saint Peters,United Kingdom
Great Billing,United Kingdom
Shephall,United Kingdom
Boxley,United Kingdom
Gedling,United Kingdom
Attleborough,United Kingdom
Bradwell,United Kingdom
Newbold,United Kingdom
Cam,United Kingdom
Leven,United Kingdom
Dowlais,United Kingdom
Sandiacre,United Kingdom
Bolton upon Dearne,United Kingdom
Church,United Kingdom
Glastonbury,United Kingdom
Bonhill,United Kingdom
Codsall,United Kingdom
Great Burstead,United Kingdom
Sundon,United Kingdom
Exhall,United Kingdom
Bedwas,United Kingdom
Bramley,United Kingdom
Marlborough,United Kingdom
Brimington,United Kingdom
Bucksburn,United Kingdom
West Auckland,United Kingdom
Gowerton,United Kingdom
Harworth,United Kingdom
Monifieth,United Kingdom
Stopsley,United Kingdom
Oban,United Kingdom
Wickersley,United Kingdom
Wistaston,United Kingdom
Crieff,United Kingdom
Torpoint,United Kingdom
Bilton,United Kingdom
Warrenpoint,United Kingdom
Whetstone,United Kingdom
Aintree,United Kingdom
Brechin,United Kingdom
Duntocher,United Kingdom
Llantwit Fardre,United Kingdom
Harlescott,United Kingdom
Bothwell,United Kingdom
Uddingston,United Kingdom
Withernsea,United Kingdom
Farington,United Kingdom
Kirkwall,United Kingdom
Dyce,United Kingdom
Lexden,United Kingdom
Lerwick,United Kingdom
Sauchie,United Kingdom
Cheddar,United Kingdom
Golcar,United Kingdom
Altofts,United Kingdom
Bishopton,United Kingdom
Broughton,United Kingdom
Harleston,United Kingdom
Wotton-under-Edge,United Kingdom
Bridge of Allan,United Kingdom
Freckleton,United Kingdom
Hengoed,United Kingdom
Magor,United Kingdom
Balloch,United Kingdom
Chickerell,United Kingdom
Oundle,United Kingdom
Dartmouth,United Kingdom
Elderslie,United Kingdom
Brotton,United Kingdom
Brayton,United Kingdom
Kinross,United Kingdom
Whiston,United Kingdom
Grangetown,United Kingdom
Heage,United Kingdom
Wakefield,United Kingdom
Oldham,United Kingdom
Bedford,United Kingdom
Southport,United Kingdom
Halifax,United Kingdom
Grimsby,United Kingdom
Derry,United Kingdom
Redditch,United Kingdom
Stockton-on-Tees,United Kingdom
Harlow,United Kingdom
Eastleigh,United Kingdom
Guildford,United Kingdom
Shrewsbury,United Kingdom
Lisburn,United Kingdom
Stafford,United Kingdom
Cannock,United Kingdom
Godalming,United Kingdom
Maidenhead,United Kingdom
Bognor Regis,United Kingdom
Woking,United Kingdom
Widnes,United Kingdom
Margate,United Kingdom
Halesowen,United Kingdom
Aldershot,United Kingdom
Canterbury,United Kingdom
Corby,United Kingdom
Christchurch,United Kingdom
Keighley,United Kingdom
Livingston,United Kingdom
Esher,United Kingdom
Clacton-on-Sea,United Kingdom
Smethwick,United Kingdom
Welwyn Garden City,United Kingdom
Cwmbran,United Kingdom
Durham,United Kingdom
Perth,United Kingdom
Kilmarnock,United Kingdom
King’s Lynn,United Kingdom
Greenock,United Kingdom
Bury Saint Edmunds,United Kingdom
Glenrothes,United Kingdom
Stirling,United Kingdom
Tonbridge,United Kingdom
Great Yarmouth,United Kingdom
Port Talbot,United Kingdom
Accrington,United Kingdom
Morecambe,United Kingdom
Winchester,United Kingdom
Exmouth,United Kingdom
Irvine,United Kingdom
Warwick,United Kingdom
Wisbech,United Kingdom
Dumfries,United Kingdom
Windsor,United Kingdom
Whitstable,United Kingdom
Beverley,United Kingdom
Stanford le Hope,United Kingdom
Witney,United Kingdom
Seaford,United Kingdom
Stratford-upon-Avon,United Kingdom
Thetford,United Kingdom
Jarrow,United Kingdom
East Grinstead,United Kingdom
Burntwood,United Kingdom
Whitehaven,United Kingdom
Farnham,United Kingdom
Newton Abbot,United Kingdom
Rickmansworth,United Kingdom
Newport,United Kingdom
Formby,United Kingdom
Elgin,United Kingdom
Kirkintilloch,United Kingdom
Darton,United Kingdom
Omagh,United Kingdom
South Ockendon,United Kingdom
Richmond,United Kingdom
Musselburgh,United Kingdom
Dumbarton,United Kingdom
Cirencester,United Kingdom
Ware,United Kingdom
Newmarket,United Kingdom
Ely,United Kingdom
Dorchester,United Kingdom
Eastwood,United Kingdom
Goole,United Kingdom
Monkseaton,United Kingdom
Ebbw Vale,United Kingdom
Berkhampstead,United Kingdom
Fulwood,United Kingdom
Almondbury,United Kingdom
Sunbury,United Kingdom
Harwich,United Kingdom
Portchester,United Kingdom
Glen Parva,United Kingdom
Barrhead,United Kingdom
Thornton,United Kingdom
Heysham,United Kingdom
Broxburn,United Kingdom
Stanley,United Kingdom
Haslemere,United Kingdom
Saint Andrews,United Kingdom
Grangemouth,United Kingdom
Northallerton,United Kingdom
Seacombe,United Kingdom
Banbridge,United Kingdom
Denby Dale,United Kingdom
Wyke,United Kingdom
Bangor,United Kingdom
Penicuik,United Kingdom
Adwick le Street,United Kingdom
Conwy,United Kingdom
Lewes,United Kingdom
Hetton le Hole,United Kingdom
Alloa,United Kingdom
Ince-in-Makerfield,United Kingdom
Oswestry,United Kingdom
Matlock,United Kingdom
Forfar,United Kingdom
Swallownest,United Kingdom
Mackworth,United Kingdom
Port Glasgow,United Kingdom
Chellaston,United Kingdom
Winkfield,United Kingdom
Dalkeith,United Kingdom
Farnborough,United Kingdom
Penrith,United Kingdom
Bo’ness,United Kingdom
Teignmouth,United Kingdom
Troon,United Kingdom
Cliftonville,United Kingdom
Hamworthy,United Kingdom
Helensburgh,United Kingdom
Selston,United Kingdom
Birstall,United Kingdom
Fenton,United Kingdom
Carluke,United Kingdom
North Walsham,United Kingdom
Flitwick,United Kingdom
Cowdenbeath,United Kingdom
Bridgnorth,United Kingdom
Bryn,United Kingdom
Aberystwyth,United Kingdom
Galashiels,United Kingdom
Syston,United Kingdom
Rushall,United Kingdom
Knowsley,United Kingdom
Beaconsfield,United Kingdom
Horndean,United Kingdom
Saltcoats,United Kingdom
Elland,United Kingdom
Armadale,United Kingdom
Bickenhill,United Kingdom
Tring,United Kingdom
Saint Ives,United Kingdom
Cookstown,United Kingdom
New Mills,United Kingdom
Wells,United Kingdom
Tranent,United Kingdom
Montrose,United Kingdom
Whitburn,United Kingdom
Southwick,United Kingdom
Oswaldtwistle,United Kingdom
Torton,United Kingdom
Sunninghill,United Kingdom
Hipperholme,United Kingdom
Hexham,United Kingdom
Leatherhead,United Kingdom
Whitchurch,United Kingdom
Great Harwood,United Kingdom
Kingsnorth,United Kingdom
Stannington,United Kingdom
Burtonwood,United Kingdom
Largs,United Kingdom
Stonehaven,United Kingdom
Methil,United Kingdom
Soham,United Kingdom
Knowle,United Kingdom
Appleton,United Kingdom
Wooburn,United Kingdom
Shevington,United Kingdom
Chesterfield,United Kingdom
Pencoed,United Kingdom
Euxton,United Kingdom
Caernarfon,United Kingdom
Southwater,United Kingdom
Kingsteignton,United Kingdom
Ardrossan,United Kingdom
Ludlow,United Kingdom
Prestonpans,United Kingdom
Blairgowrie,United Kingdom
Buckie,United Kingdom
London Colney,United Kingdom
Cumnock,United Kingdom
Ellon,United Kingdom
Padbury,United Kingdom
Annan,United Kingdom
Fort William,United Kingdom
Yatton,United Kingdom
Tanfield,United Kingdom
Crigglestone,United Kingdom
Narborough,United Kingdom
Aveley,United Kingdom
Hayle,United Kingdom
Holywell,United Kingdom
Worth,United Kingdom
Towcester,United Kingdom
Queensferry,United Kingdom
Ferryhill,United Kingdom
Cobham,United Kingdom
Audley,United Kingdom
Bersted,United Kingdom
Hockley,United Kingdom
Carlton Colville,United Kingdom
Brandon,United Kingdom
Shinfield,United Kingdom
Binfield,United Kingdom
Dunblane,United Kingdom
Stevenston,United Kingdom
Sherborne,United Kingdom
Shaftesbury,United Kingdom
Yaxley,United Kingdom
Whitnash,United Kingdom
Ystradgynlais,United Kingdom
Haddington,United Kingdom
Oakengates,United Kingdom
Annfield Plain,United Kingdom
Portlethen,United Kingdom
Windermere,United Kingdom
Lanark,United Kingdom
Warsash,United Kingdom
Old Colwyn,United Kingdom
Great Cornard,United Kingdom
Stepps,United Kingdom
Peebles,United Kingdom
Skewen,United Kingdom
Kilbirnie,United Kingdom
Caister-on-Sea,United Kingdom
Upholland,United Kingdom
Norton Canes,United Kingdom
Hughenden,United Kingdom
Claygate,United Kingdom
Paddock Wood,United Kingdom
Canford Cliffs,United Kingdom
Kirk of Shotts,United Kingdom
Brecon,United Kingdom
Lochgelly,United Kingdom
Strathaven,United Kingdom
Northam,United Kingdom
Willerby,United Kingdom
Dalton in Furness,United Kingdom
Goffs Oak,United Kingdom
Denny,United Kingdom
Radcliffe on Trent,United Kingdom
Hawkinge,United Kingdom
Frankley,United Kingdom
Thrapston,United Kingdom
Kelty,United Kingdom
West Thurrock,United Kingdom
Waltham,United Kingdom
Seasalter,United Kingdom
Kingsbury,United Kingdom
Wingerworth,United Kingdom
Wilmington,United Kingdom
Thurso,United Kingdom
Bramcote,United Kingdom
Banchory,United Kingdom
Kinmel,United Kingdom
Lossiemouth,United Kingdom
Willesborough,United Kingdom
Dunoon,United Kingdom
Hook,United Kingdom
Watton,United Kingdom
Longridge,United Kingdom
West Mersea,United Kingdom
Treharris,United Kingdom
Church Gresley,United Kingdom
Treherbert,United Kingdom
Boultham,United Kingdom
Wimborne Minster,United Kingdom
North Berwick,United Kingdom
Wardle,United Kingdom
Drighlington,United Kingdom
Carlton,United Kingdom
Countesthorpe,United Kingdom
Galleywood,United Kingdom
Coxhoe,United Kingdom
Rhoose,United Kingdom
Stewarton,United Kingdom
Locharbriggs,United Kingdom
Wick,United Kingdom
Torrisholme,United Kingdom
Shenstone,United Kingdom
Llandudno Junction,United Kingdom
Southwell,United Kingdom
Burntisland,United Kingdom
Calverton,United Kingdom
Humberston,United Kingdom
Crumlin,United Kingdom
Herne,United Kingdom
Abersychan,United Kingdom
Nailsworth,United Kingdom
Sturry,United Kingdom
Farnham Royal,United Kingdom
Muxton,United Kingdom
Ash Vale,United Kingdom
Gorebridge,United Kingdom
Pinhoe,United Kingdom
Houston,United Kingdom
Bollington,United Kingdom
Marshfield,United Kingdom
Gunton,United Kingdom
Blythebridge,United Kingdom
Deeping Saint James,United Kingdom
Bonnybridge,United Kingdom
Newbridge,United Kingdom
Ammanford,United Kingdom
Loanhead,United Kingdom
Stainforth,United Kingdom
Oakley,United Kingdom
Weaverham,United Kingdom
Great Wakering,United Kingdom
Newton Grange,United Kingdom
Kelso,United Kingdom
Billinge,United Kingdom
Branston,United Kingdom
Griffithstown,United Kingdom
Battle,United Kingdom
Fishtoft,United Kingdom
Holmes Chapel,United Kingdom
Alexandria,United Kingdom
Great Chart,United Kingdom
Askern,United Kingdom
Landore,United Kingdom
Welshpool,United Kingdom
Bannockburn,United Kingdom
Sandycroft,United Kingdom
Ballingry,United Kingdom
Chapelhall,United Kingdom
Twyford,United Kingdom
South Molton,United Kingdom
Sawley,United Kingdom
Illogan,United Kingdom
Looe,United Kingdom
Wirksworth,United Kingdom
Cwmafan,United Kingdom
Skelton,United Kingdom
Stansted Mountfitchet,United Kingdom
Wheathampstead,United Kingdom
Danbury,United Kingdom
Kirriemuir,United Kingdom
East Leake,United Kingdom
Treforest,United Kingdom
Haworth,United Kingdom
Pagham,United Kingdom
Blaby,United Kingdom
Bursledon,United Kingdom
Calstock,United Kingdom
Abercarn,United Kingdom
Drayton,United Kingdom
Sidley,United Kingdom
Girvan,United Kingdom
Headley,United Kingdom
Liss,United Kingdom
Newarthill,United Kingdom
Buntingford,United Kingdom
Stonewood,United Kingdom
Pinxton,United Kingdom
Glyncorrwg,United Kingdom
Cuddington,United Kingdom
Rowlands Gill,United Kingdom
Orsett,United Kingdom
Broughton,United Kingdom
Dingwall,United Kingdom
Swanwick,United Kingdom
Colney Heath,United Kingdom
Beith,United Kingdom
Great Warley Street,United Kingdom
Stoke Mandeville,United Kingdom
Blean,United Kingdom
Bramley,United Kingdom
Axminster,United Kingdom
East Preston,United Kingdom
Botley,United Kingdom
Alness,United Kingdom
Cumnor,United Kingdom
Balerno,United Kingdom
Markfield,United Kingdom
Martlesham,United Kingdom
Bagshot,United Kingdom
Cockenzie,United Kingdom
Wyke Regis,United Kingdom
Hartford,United Kingdom
Selkirk,United Kingdom
Tidenham,United Kingdom
Ore,United Kingdom
Newmains,United Kingdom
Wool,United Kingdom
Stonehouse,United Kingdom
Hartley,United Kingdom
Neilston,United Kingdom
Nursling,United Kingdom
Kings Langley,United Kingdom
Bilton,United Kingdom
Cardenden,United Kingdom
Polmont,United Kingdom
Dalry,United Kingdom
Roundway,United Kingdom
Holytown,United Kingdom
Pinchbeck,United Kingdom
East Calder,United Kingdom
Edwinstowe,United Kingdom
Stornoway,United Kingdom
Auchterarder,United Kingdom
Gresford,United Kingdom
Llangefni,United Kingdom
Hunters Quay,United Kingdom
Middleton-on-Sea,United Kingdom
Basing,United Kingdom
Garswood,United Kingdom
Lea Town,United Kingdom
Sollom,United Kingdom
